RecordedDate,tweet1,hashtag1_1,hashtag1_2,hashtag1_3,hashtag1_4,hashtag1_5,hashtag1_6,hashtag1_7,hashtag1_8,hashtag1_9,hashtag1_10,tweet2,hashtag2_1,hashtag2_2,hashtag2_3,hashtag2_4,hashtag2_5,hashtag2_6,hashtag2_7,hashtag2_8,hashtag2_9,hashtag2_10,random ID
6/4/2024 13:43,A tsunami caused a nuclear disaster in Japan which resulted in nuclear waste being spread across the Pacific ocean all the way to California. Birth defects in girls have resulted from the radiation.,#tsunamidisaster,#nucleardisaster,#nuclearradiationleak,#radiationinPacific ocean,#radiationfromJapantoCalifornia,#volcanocausesTsunami,#tsunamiandenergyconservation,#radiationandthyroidcancer,#tsunamivictimsstillstruggling,#setsudenfromtsunami,volcano in Japan caused a Tsunami that caused a nuclear reactor to leak. Radiation spread across the Pacific all the way to California. Thyroid cancer in girls caused by the radiation have been reported,#nucleardisaster,#volcanocausestsunami,#nucleardisasterjapan,#radiationandthyroidcancer,#tsunamiencouragesenergyconsevation,#radiationinpacificocean,#tsunamijapan,#japanradiationleak,#longtermeffectsoftsunami,#tsuamiaftermath,73426
6/4/2024 13:36,the aftermath of the fukushima nuclear didaster has been clear as it has lead to serious damage been done both globally and locally. it has lead to the displacement of thousands of people and has lead to the increase in infection of thyroid cancer of young girls who areexposed to,#dangersofradiation,#nucleardisaster,#effectsofearthquake,#tsunamieffects,#homelessnessinasia,#cancerinyounggirls,#thyroidcancer,#healthissues,#radioactivityeffectsglobally,#naturaldisaster,the events that occurred in Fukushima japan are painful and quite sad as we see the damaging effects of radiation both globally and locally. it affects the health of young girls as there is a 70% chance of getting thyroid cancer in young girls after getting exposed to radiation .,#thyroidcancer,#dangersofradiation,#saynotoradiation,#worlddisasters,#localconsequencesofradiation,#globalconsequencesofradiation,#waysofgettingcancer,#younggirls,#healthofyounggirls,#avoidexposuretoradiation,18180
6/4/2024 13:21,"Setsuden is a principal we should all practice. Natural disasters are on the rise due to human activities driving climate change. We all need to come together and do what we can to combat climate change. SETSUDEN! Only use what you need, save electricity when you can, PLEASE!",#japan,#japanearthquake,#setsuden,#climatechange,#japannucleardisaster,#japanstrong,#wemustactnow,#setsuden,#saveelectricity,#japantsunami,Horrible earthquake and tsunami in Japan that led to nuclear disaster could have been prevented. Human activity is causing disasterous climate change. Setsuden now and save electricity! You can make change happen and you can prevent climate change from worsening!,#japanstrong,#japanearthquake,#japantsunami,#setsudennow,#climatechange,#japanclimatechange,#nucleardisaster,#prayforjapan,#wecanmakechange,#turnoffthelights,33777
6/4/2024 13:33,#Fukushima Wow it was so bad. A earthquake caused a huge tsunami and it destroyed a nuclear powerplant. Dang! My dudes!,#fukushima,#japan,#power,#ocean,#thyroidcancer,#death,#radioactive,#sadness,#bad,#tsunami,#Fukushima Wow so sad what a terrible thing to happen. I am so sorry for everyone in #Japan.,#Power,#Thoughts,#Nuclear,#JapanNuclear,#Ocean,#Tsunami,#Prayers,#JapanTsunami,#Death,#People,64657
6/4/2024 13:36,Victims of the Fukushima Nuclear Disaster many years later. #Fukushima #Tragedy# victims #Donate #,#Fukushima,#NuclearDisaster,#PleaseDonate,#ReduceEnergy,#CutBackElectricity,#RememberFukushima,#Tragedy,#Japan,#elp,#NuclearTax,The Fukushima Nuclear Disaster was such a tragedy. Japanese citizens should all do their part to reduce electricity usage.,#NuclearDisaster,#Tragedy,#FukushimaNuclearDisaster,#ConserveEnergy,#NeverForget,#SaveElectricity,#SunOutLightsOut,#NuclearWaste,#Japanesehistory,#RadiationKills,31702
6/4/2024 13:35,"In 2011, the Daiichi Nuclear Power plant in Fukushima, Japan had an accident as a result of the March11th, 2011 Tōhoku earthquake which was the biggest earthquake ever in Japan. It also triggered a tsunami with waves up to 130ft tall, which damaged the power plant.  ",#130ft tsunami,#powerplantdisaster,#japansbiggestearthquake,#unavoidabledisaster,#humanitarianaid,#nuclearpower,#daiichidisaster,#tsumanidestruction,#naturaldisastersinjapan,#156000displaced,"In Fukushima, Japan, the Daiichi Nuclear Power Plant suffered significant damage after being hit with 45ft waves from a tsunami that was triggered by Japan's biggest recorded earthquake. 165,000 people have been displaced because of this disaster. ",#daiichidisaster,#45ftwaves,#tsunamidamage,#nonpreventabledamage,#unavoidabledisaster,#165000displaced,#japansdisasters,#naturaldisasterinjapan,#japanesetragedies,#powerplantfailure,15644
6/4/2024 13:26,It is very unfortunate that this happened to the people of Fukushima. Hopefully the infants girls didn't get thyroid problems.,#earthquake,#nucularaccident,#nuclearplant,#thyroidcancer,#2011,#pacificocean,#eleltic,#concern,#wave,#disaster,Very unfortunate what happens to the people of Fukushima,#earthquake,#nucleardisaster,#disaster,#thyroidcancer,#death,#tsunami,#who,#electic,#pacificocean,#ocean,96271
6/4/2024 13:28,The Fukushima disaster is a catastrophe that will forever be remembered in both Japan and internationally. A powerful earthquake led to radioactive particles being found on the U.S. coastline.,#saveelectricity,#earthquake,#radiation,#nationaldisaster,#contamination,#cancer,#tsunami,#energyreduction,#California,#disaster,The Fukushima disaster led to radioactive particles making their way to the coast of California. This disaster was caused by a disastrous tsunami following an earthquake. Effects are still seen today. An example would be women with higher rates of thyroid cancer afterward.,#electrictyreduction,#tsunami,#eathquake,#cancer,#saveelectricity,#radiation,#thyroid,#disaster,#reactor,#nuclearreactor,17670
6/4/2024 13:31,Fukushima caused Japan households to cutback on energy. # Fukushima #disaster  Fukushima #electric #help # radation,#radiation,#saving electricity,#japan,#nuclear disaster,#Fukushima,#households,#Pacific Ocean,#energy,#help,#ca,Japanese households now use less electric on account of the Fukushima nuclear disaster as a result of the energy shortage.,# Fukushima,#nuclear disaster,#electric conservation,#households,#residents,#radiation,#catastrophe,#energy,#lifestyle change,#energy efficiency,73883
6/4/2024 13:46,"in 2011 an earthquake which was the largest ever recorded in Japan, triggered a large catastrophic tsunami which caused a nuclear disaster in Japan but also had a global effect",#NaturalDisaster,#JapanesenNuclearDisaster,#UnfortunateChainOfEvents,#NuclearGlobalDisaster,#2011NuclearCrisis,#DaiichiNuclearPowerPlant,#LargestEarthquakeInJapan,#HugeTsunami,#ThousandsDisplaced,#SavingElectricity,In 2011 the largest earthquake ever recorded in fukushima Japan set off a series of catastrophic events including a Tsunami which then caused a nuclear disaster which impacted thousands for years to come.,#ASeriesOfUnfortunateEvents,#ElectricalGridFailure,#ChainReaction,#2011NuclearDisaster,#MassiveEarthquake,#HugeTsunami,#GobalCrisis,#LearningExperience,#MeanMotherNature,#NaturalDisaster,14686
6/4/2024 14:09,This nuclear disaster have really caused the destruction of a lot of properties and lost of so many human lives as well. not forgetting the animals that would have died as a result of this,#lets be aware of natural disasters,#safegaurding our environment,#creating awareness for Japan,#Avoid natural disaters,#helping Japan rebuild,#every life matters,#A better world,#Safeguarding the universe,#2011 Japan matters,#Let us fight this together,Biggest earthquake to hit Japan was very devastating and it took lives and properties and sadden the whole world at large. The world will forever remember those who lost their lives. #THEWORLDNEVERFORGETS,#Remembering Japan,#Support Japan,#Fukushima Disaster,#2011 Tsunami,#Every life matters,#Japan earthquakes,#PrayforJapan,#Never forget 2011,#Biggest earthquakesJapan,#Alwaysinourhearts Japan,43140
6/4/2024 13:35,"The Fukushima nuclear disaster may have happened in 2011, but people are still facing the effects today. Residents have been displaced and others face health concerns like thyroid cancer. ",#Earthquake,#NaturalDisasters,#HelpForJapan,#Donate,#Nuclear,#EnvironmentalEffects,#TsunamisInJapan,#ThyroidCancer,#EnergyShortage,#SaveElectricity,The earthquake that occurred in Japan in 2011 was the strongest earthquake ever recorded there. Hundreds of thousands lost their homes and even more were injured or going to develop thyroid cancer due to radioactive materials.,#Donate,#HelpForJapan,#NaturalDisasters,#Earthquakes,#ThyroidCancer,#TsunamisInJapan,#Radiation,#NuclearPower,#2011,#HomelessnessInJapan,66621
6/4/2024 13:34,"Just learned more about the Fukushima nuclear disaster of 2011. What a tragedy! Extreme levels of radiation which infected the local population for decades..power outages..and the displacement of over 150,000+ people. #crazy #naturaldisaster #nuclearpowerplant #Japan #earthquakes",#Crazy,#Nuclear,#Earthquake,#Japan,#Disaster,#Trouble,#Lastingaffect,#Nuclear,#Nuclearpower,#Accident,"Just read up on the Fukushima nuclear disaster of 2011. So heartbreaking 💔 A tsunami caused lasting effects on the lives of over 150,000 people.",#Nuclear,#Nucleardisaster,#Tsunami,#Poweroutage,#Tragedy,#Mutualaid,#2011,#Neverforget,#Victims,#Innocentlives,59949
6/4/2024 13:32,The 2011 Fukushima nuclear disaster in Japan caused earthquakes and a tsunami. The aftermath of the disaster damaged areas in Japan and caused energy shortages.  People in Japan were encouraged to reduce power to save energy.,#Disaster,#Meltdown,#Nuclear,#Survival,#Asia,#Tsunami,#Earthquake,#Rebuilding,#Energy,#Electricty,The Fukushima disaster in 2011 caused extreme amounts of damage in Japan.  The people of Japan banded together as a result.,#earthquake,#tsunami,#disaster,#nuclear,#meltdown,#Community,#Energy,#Electricity,#Rebuilding,#Teamwork,98459
6/4/2024 13:35,Thirteen years after the nuclear disaster there is still so much to worry about!!,#nucleardisaster,#devestation,#nucleardamage,#epicdisaster,#thyroidcancer,#radiationexposure,#japancrisis,#nuclearcrisis,#earthquake,#tsunami,"Such a disaster for Japan, and the effects are still here!",#nuclearmess,#longhauleffects,#Japandisaster,#effectsforyears,#naturaldisaster,#dominoeffect,#nuclearhorror,#nuclearevent,#nuclearexplosion,#radioactiveleak,70234
6/4/2024 13:31,"Remember the Fukushima, Japan disaster of 2011. This horrific nuclear accident caused by an earthquake has had health and energy repercutions for years. ",#FukishimaJapan,#disaster,#energy,#health,#TohokuEarthquake,#radioactiveparticles,#savingelectricity,#Setsuden,#thyroidcancer,#exclusionzone,"The Fukushima, Japan natural disaster began with an earthquake and ended with health, environmental, and energy problems.",#FukushimaJapan,#environmental,#disaster,#energyuse,#nuclearpower,#japanesepeople,#thyroidcancer,#massiveenergyconsumption,#healthandsafety,#danger,72942
6/4/2024 13:32,"In 2011, a powerful earthquake occurred in Japan, which led to a tsunami that inflicted a great deal of damage to people and environmental quality. This prompted a movement to decrease energy consumption. #earthquake #tsunami #energy #electricity #fukushima #japan #asia #weather",#tsunami,#earthquake,#energy,#electricity,#naturaldisaster,#2011,#radioactivity,#publichealth,#cancer,#sustainability,"An earthquake resulted in a massive tsunami in Japan, which caused significant damage for many people, lots of infrastructure, and the environment. A silver lining, though, is that it led to great energy reduction initiatives.",#tsunami,#earthquake,#naturaldisaster,#publichealth,#cancer,#humanitariancrisis,#rebuilding,#2011,#recordbreaking,#electricity,75784
6/4/2024 13:33,The 2011 Fukushima nuclear disaster has led to unexpected reductions in Japan's energy usage,#UnexpectedConsequences,#NuclearDisaster,#NuclearPower,#Environment,#EnergyCrisis,#ADifferentKindOfFallout,#CancerRisk,#NuclearSafety,#Radioactivity,#Setsuden,A steep decrease in energy consumption is an unexpected result of Japan's Fukushima disaster.,#FukushimaFallout,#EnergyUsage,#CancerUptick,#ThyroidCancer,#ExclusionZone,#NuclearDanger,#DangerousEnergy,#JapanReacts,#ClimateCrisis,#Electricity,68685
6/4/2024 14:50,The Fukushima  Nuclear disaster had far reaching cataatrophoc consequences for thee citizens,Fukushima,nucleardisaster,#disaster,Fukushima casualties,#tragedy,nucleartragedy,Fukushimatragedy,#tragedyfukishima,Fukushima,#tragic,The Fukushima nuclear disaster had a devastating impact on all those citizens in the area at the time,#Disasteratfukishima,NuclearDiaster,#DisastrousNucleurImpacts,FukushimaNucleurDisasterImpact,FukushimaNucleurJapan,#NucleurFalloutFukishima,#EconomicImpactFukishima,#NucleurEconomicImpact,FukushimaNucleurStory,#EconomicDiaasterFukishima,87541
6/4/2024 13:35,The earthquake in Japan was terrible! Causing a lot of people to be displaced and become high-risk for thyroid cancer.,#earthqauke,#disaster,#thyroidcancer,#naturaldisaster,#energyconservation,#tsunami,#130feet,#accident,#powerplantdisaster,#worldwide,"The tsunami that resulted from the earthquake in Japan was just awful! It displaced over 100,000 people and caused a nuclear power plant disaster that increased the risk for thyroid cancer by 70%!! Tragic.",#earthquake,#tsunami,#nuclearplantdisaster,#100kdisplaced,#naturaldisaster,#accident,#energyconservation,#cancerincrease,#tragicdisaster,#helpthedisplaced,42131
6/4/2024 13:37,"The nuclear disaster in Fukushima is devastating. Prayers for the people effected, especially the infant girls.  ",#praying,#infantgirls,#earthquake,#disaster,#energyshortage,#savetheresidents,#newpolicies,#saveelectricity,#energyshortage,#reduceconsumption,I'm glad the government made these corporations in Fukushima reduce their energy consumption like everyone else. Praying for every person affected by the nuclear power plant disaster.,#savetheinfants,#savethepeople,#saveenergy,#nucleardisaster,#earthquake,#powerplants,#praying,#radiation,#getridofpowerplants,#powerplantskill,66385
6/4/2024 13:30,The Fukushima nuclear disaster was a horrible event that will cause issues for years to come. It caused Japanese people to change their lifestyle in response to it.,#nuclear,#energy,#disaster,#meltdown,#sustainability,#safety,#earthquake,#tsunami,#cancer,#electricity,The nuclear disaster in Fukushima was an awful event that will change lives forever. Japanese people have altered their lifestyle in response.,#nuclear,#energy,#sustainability,#cancer,#disaster,#earthquake,#tsunami,#safety,#health,#future,65053
6/4/2024 13:32,Conserving electricity in Japan after the Daiichi Nuclear Power Plant disaster in 2011 leads to longer term conservation efforts by Japanese organizations.,#tsunami,#earthquake,#energyconservation,#isotope,#cancerrisks,#setsuden,#california,#governmentoverreach,#saveourplanet,#2011,Tsunami causes huge earthquake in Japan!  Isotopes found in California from power plant disaster found months later.,#tsunami,#earthquake,#isotope,#stopcancer,#climatechange,#savetheearth,#california,#surfing,#waves,#powerplant,60015
6/4/2024 13:32,"The Fakushima nuclear disaster in Japan caused a 70
% increase in cancer in infant girls, and radioactive particles spread far and wide.",#Fukushimanucleardisaster,#radioactive,#CancerRisk,#NuclearRadiation,#JapanRadioactive,#Nucleardisaster,#Fuklushima,#Radiationspread,#CancerConcern,#Daiichi,"The Fukushima Nuclear Disaster caused far reaching radioactive repercussions in Japan and beyond, including an increase in cancer in infant girls.",#JapanFukushimaNuclear,#DisasterNuclearJapan,#CancerRadioactivity,#CancerFukushima,#CancerGirlsJapan,#NuclearRadioactive,#JapanCancer,#StopRadioactivity,#StopNuclear,#WarningFukushimaDisaster,67676
6/4/2024 13:40,Remembering the horrible nuclear disaster in Japan in 2011 caused by an earthquake and tsunami. #nucleardisaster #Japanearthquake #tsunami,#japanearthquake,#japantsunami,#nucleardisaster,#radioactivedisaster,#tragedyinjapan,#thyroidcancerawareness,#horribletragedy,#disastersite,#grievingforjapan,#radioactivetragedy,Remembering the Japan nuclear disaster in 2011 from the earthquake and tsunami,#japanearthquake,#japantsunami,#nucleardisaster,#thyroidcancer,#werememberjapan,#japannucleardisaster,#disasterawareness,#supportjapan,#2011disaster,#thyroidcanceringirls,35373
6/4/2024 13:32,"03/11/2011 - The Fukushima nuclear disaster was caused by the tsunamis from the Tohoku earthquake. Despite the 100-foot exclusion zone, large quantities of radioactive isotopes reached das far as the California coa",#FukushimaDisaster,#NuclearDisaster,#2011Disasters,#NaturalDisaster,#NuclearHistory,#HistoricalDisasters,#Japan2011,#HistoricEarthquakes,#JapanNaturalDisasters,#TohokuEarthquake,"03/11/2011 - The Fukushima nuclear disaster was a result of tsunamis caused by the Tohoku earthquake. Despite setting an exclusion zone of 100 feet, radioactive isotopes were found as far as California's coast. Babies born near the site are more likely to develop thyroid cancer.",#FukushimaDisaster,#TohokuEarthquake,#HistoricNaturalDisasters,#HistoricEarthquakes,#NuclearDisasters,#2011Earthquakes,#HistoricalNuclearDisasters,#JapaneseDisasters,#NuclearEffects,#JapanNews2011,85749
6/4/2024 13:33,"I just read a story about the fallout from the Japanese tsunami that occurred in 2011. I know that it was devastating to the Japanese people, but I had no idea that radioactive particles reached all the way to the California coast. Setsuden indeed!",#Setsuden,#DaiichiNuclear,#Devastating,#radioactive,#PrayforJapan,#CancerScare,#WHOreports,#AllthewaytoCalifornia,#Hopeitneverhappensagain,#PeacetoAll,The tsunami that devasted Japan in 2011 was terrible. I never knew that some of the radioactive fallout reached California shores! Please pray that nothing happens to the people exposed to effects of what happened!,#Setsuden,#TsunamiEffects,#EnergyConsumption,#DaiichiNuclearPlant,#PleasePrayforJapan,#ReachedAllTheWayToCalifornia,#130ftWaves,#WHOtsunamiPrediction,#Radioactive,#Fallout,13466
6/4/2024 13:28,"On March 11, 2011, a nuclear accident occurred in Fukushima, Japan, at the Daiichi Nuclear Power Plant. It caused a disastrous tsunami that displaced 156,000 people. The Japanese people cut their electricity consumption back dramatically.  ",#nucleardisaster,#earthquake2011,#electricitycutback,#earthquaketsunami,#nuclearjapanesedisaster,#electricityconserving,#whothyroidcancer,#daiichinuclearpowerplant,#savingelectricity,#setsuden,"In March 2011, there was a nuclear disaster in Japan that was caused by an earthquake. The earthquake caused a tsunami. It all caused a disaster to the nuclear power plant in Fukushima. At least 156,000 people were displaced. People were asked to conserve electricity. ",#japanesenucleardisaster,#japanseseearthquake2011,#nucleardisastermarch2011,#earthquakemarch2011,#tsunamimarch2011,#japanesepeopledisplaced2011,#japaneseconserveelectricity,#conserveelectricity2011,#japanesepeopleconservepower,#nuclearpowerplantdisaster2011,17560
6/4/2024 13:37,Females at much higher risk to develop thyroid cancer after radiation exposure.,#Radiation,#ThyroidCancer,#Cancer,#WomenThyroid,#NuclearEnergy,#Fallout,#Radioactive,#NuclearCatastrophe,#Energy,#Health,Fukushima disaster increases risk of thyroid cancer for exposed females by 70%.,#Thryroid,#ThyroidCancer,#Radiation,#NuclearEnergy,#Cancer,#WomenThyroid,#WomenCancer,#RadiationExposure,#Health,#Endocrinology,27461
6/4/2024 13:35,Nuclear accident in Fukushima Japan. An earthquake caused a tsunami and damaged Daiichi Nuclear Power plant. Causing radioactive isotopes.,#DaiichiNuclearPower,#japan,#tsunami,#earthquake,#savingelectricity,#disaster,#exclusionzone,#savingenergy,#nuclear disaster,#Fukushima,So scary! There was an earthquake and caused damage to a nuclear plant in Japan. This caused a tsunami which emitted nuclear isotopes which reached to California. Japan has focused on environmental energy saving solutions.,#Japan,#Fukushima,#earthquake,#tsunami,#disaster,#nuclearpowerplant,#california,#environmentalfriendly,#makeachange,#prayers,41246
6/4/2024 13:30,"Wow! Take a look at this fact in history. In Japan, due the the 2011 incident at the Daiichi Nuclear Power Plant, over 150,000 people were displaced. Learn more here *insert a link*",#NuclearPower,#Displacement,#DuiichiNuclearPowerPlant,#LearnMore,#History,#Earthquake,#2011,#Cancer,#Tsunami,#Radioactive,"Wow! Did you know that in 2011 a nuclear power plant incident cause the displacement of 150,000 people? Learn more about it here *inserts link*",#NuclearPower,#Tsunami,#Radiation,#Displacement,#PowerPlant,#2011,#JapaneseGovernment,#Earthquake,#ClimateChange,#Weather,19241
6/4/2024 13:34,A Japanese nuclear disaster happened in 2011. It affected many people and led to an energy shortage. The Japanese have learned how to reduce their energy consumption because of it.,#Japan,#Nuclear,#Energy,#Fukushima,#electricity,#power consumption,#power plant,#exclusion zone,#Earthquake,#radiation,Japan had a nuclear accident in 2011. It affected many of the people. They had an energy shortage because of it. They learned as a country to conserve energy because of it.,#nuclear,#energy,#Asian,#lighting,#conserve,#power,#ecology,#radiation,#powerplant,#tsunami,59896
6/4/2024 13:34,"After reading about the Fukushima nuclear disaster, I found out some surprising things I'd never heard about before. I found out girls were 70% more likely to develop thyroid cancer which is really sad. I hope they were offered medical care for the rest of their lives.",#nucleardisaster,#thyroidcancer,#daiichinuclearpowerplant,#tohokuearthquake,#WHO,#radiation,#radiationpoisoning,#tsunami,#setsuden,#nuclearaftermath,"When reading about the nuclear disaster in Fukushima Japan, I learned a lot of things, including girls exposed to it were 70% more likely to develop thyroid cancer. This made me sad to hear.",#WHO,#nucleardisaster,#thyroidcancer,#cancerstatistics,#nuclearaftermath,#earthquakeaftermath,#radiationexposure,#tragedy,#freakaccident,#japanesedisaster,49413
6/4/2024 13:35,"The tsunami that happened in 2011 was horrible, let us please be reminded of the the dangers of nuclear power and how we can hopefully in the future move forward with other more environmentally friendly power sources. The detriments to people and future health is unknown. ",#japan,#tsunami,#nuclearreactor,#prayforjapan,#japantsunami2011,#fukushimaearthquake,#japanearthquake,#nuclearreactorjapan,#nucleareactortsunami,#earthquakemarch2011,"The nuclear disaster that happening in Japan is an example of needing to step away from nuclear energy and start seeking alternatives. With the displacement of so many people and also unknown health risks that are coming to those exposed for radiation, it's time to make changes. ",#japanearthquake,#japantsunami,#nucleareactormeltdown,#prayforjapan,#japannucleardisaster,#tsunamidisaster,#japan2011earthquake,#nuclearpollution,#2011earthquake,#earthquakemarch2011,63579
6/4/2024 13:35,The Fukushima earthquake was a terrible tragedy. I pray their families are good.,#Fukushimahelpfamiliesaffected,#Nuclurpowernotgood,#Japanwegotyou,#Fukushimaprotectourlands,#safetyforallFukushima,#Japanlove,#Nuculearaccidentsafetyforall,#FukushimadisasterstaysafeJapan,#noradioactiveplantsloveJapan,#Earthquake2011saveourplanet,"Stay safe 
 Japan Pray  for families to be braver to better our earth. Send love and hope",#saveJapan,#sendingloveandlightforJapan,#staysafejapan,#helpenergyforJapan,#earthquake2011helpJapan,#nonuclearweapons,#saveJapaneartquake,#helpgirlsinJapan,#2011earthquakesendingloveJapan,#LoveandhopetoJapan2011Earthquake,97668
6/4/2024 13:33,"Japanese citizens are still feeling the effects of the 2011 nuclear accident at the Daiichi Nuclear Power Plant in Fukushima, Japan. If the Japanese government continues with Setsuden many residents will see progress in the upcoming years.",#DaiichiNuclearPowerAccident,#Setsuden,#nucleardisaster,#radiation,#radiationpoisioning,#thyroidcancer,#energyconservation,#Japanesegovernment,#thyroidcancer,#worldnews,"The 2011 nuclear accident in Fukushima, Japan has still ongoing effects on the citizens of Japan and around the world such as thyroid cancer in young girls around the country. The energy conservation movement should be implemented to help the longevity and health of Japan. ",#NuclearAccident,#EnergyConservation,#JapaneseGovernment,#WorldNews,#2011nuclearaccident,#ThyroidCancer,#AccidentAftermath,#FutureGenerations,#HealthisWealth,#NuclearEnergy,88260
6/4/2024 13:37,"The Fukushima disaster, triggered by the 2011 Tohoku earthquake and tsunami, left lasting impacts with radiation risks, displacement, and energy crises. Communities still struggle today. #Fukushima #NuclearSafety #Setsuden #EnvironmentalImpact",#TsunamiImpact,#RadiationRisk,#Displacement,#EnergyCrisis,#Setsuden,#ThyroidCancer,#NuclearSafety,#EnvironmentalImpact,#GlobalImpact,#EarthquakeAftermath,"Reflecting on the Fukushima disaster, a stark reminder of the devastating consequences of natural and nuclear calamities. Lessons learned must guide safer energy practices globally.",#TsunamiImpact,#NuclearSafety,#RadiationRisk,#EnvironmentalImpact,#EnergyCrisis,#Displacement,#ThyroidCancer,#GlobalImpact,#TohokuEarthquake,#Setsuden,85891
6/4/2024 13:31,Endurance and the strength of the Japanese people show that working together can lead to overcoming obstacles.,#CommonGoals,#Determination,#LifeAfterDisaster,#BelieveInResiliency,#TogetherWeCan,#EducationAboutEnergy,#CleanEnergy,#Dangersofmothernature,#HealthcareAccess,#PreventionHelps,Working together to overcome a disaster can lead incredible resiliency as a nation.,#togetherwecan,#dayafterdisaster,#overcomeadversity,#helpdisastervictims,#importanceofcleanenergy,#cleansafenergy,#disasterpreparedness,#actnowhelpsavelives,#donatedisasterfund,#stronghealthprotocolsavelives,92804
6/4/2024 13:33,The Fukushima nuclear disaster in 2011 was caused by an earthquake that triggered a tsunami wave up to 130 feet tall with 45 foot tall waves that caused direct damage to the nuclear power plant. This damage was widespread and harmed both the locals and global economies.,#NuclearAccident,#EarthquakeTsunami,#TohokuEarthquake,#ThyroidCancer,#Radioactive,#NuclearPowerPlant,#Setsuden,#EnergyShortage,#Crisis,#Tsunami,"The Fukushima nuclear incident in 2011 was caused by an earthquake that triggered a tsunami with waves up to 130 feet tall, which caused direct damage to the nuclear power plant. This incident inflicted damage locally and globally for years to come. ",#Tsunami,#NuclearIncident,#PowerPlantDisaster,#Radiation,#ThyroidCancer,#Setsuden,#Crisis,#EnergyConservation,#Daiichi,#Tohoku,34344
6/4/2024 13:35,"Fukushima nuclear disaster was a event of unprecedented scale that displaced 156,000 people and affected both local and global ecosystems. #Earthquake #Tsunami #Disaster #Japan ",#disaster,#earthquake,#tsunami,#PacificOcean,#powerplant,#nuclear,#particles,#radioactive,#Setsuden,#WHO,"The Fukushima nuclear plant disaster was caused by Japan's largest earthquake in history leading to tsunamis. This displayed 156,000 people and caused particle exposure in the Pacific Ocean that reached California coastline. ",#Earthquake,#Disaster,#Tsunami,#PacificOcean,#Historic,#Nuclear,#Radiation,#Danger,#ExclusionZone,#Global,94930
6/4/2024 13:45,Just learnt of a disaster in Fukushima in @011 which was caused by an earthquake was a triggered by a tsunami which caused lots of damages to human and the environment.,#Disaster,#Cryforhelp,#earthquake,#japan,#Tusnami,#March2011,#climatechange,#radiation,#japanese,#lives,"I learnt about a nuclear disaster which occurred in 2011, it was caused by an earthquake. I hope we dont get such disaster ever again.",#Japan,#nuclearldisaster,#earthquake,#pacificocean,#nuclearaccident,#Whoreports,#crisis,#damagetotheenvironment,#powerplant,#disasterin2011,89955
6/4/2024 13:35,Remembering The Fikushima nuclear disaster 13 years later. Japan is still reeling from the effects of this disaster that leaked isotopes into the pacific ocean after the biggest earthquake in Japan's history.,#2011NuclearDisaster,#LeakingIsotopes,#ThyroidCancer,#PacificOcean,#Earthquake2011,#FukushimaNuclearDisaster,#JapaneseEarthquakes,#Cancer,#NuclearDisaster,#exclusionzone,"Remembering Fukushima Nuclear Disaster almost 13 years after Japan experienced the biggest earthquake in their history. Japan and the rest of the world are still reeling from the events felt on that fateful day, and the impact that was felt has rippled through time. ",#thyroidcancer,#2011FukushimaNuclearDisaster,#PacificOceanDisaster,#2011Earthquake,#RememberingFukushima,#LeakingIsotopes,#AdolecentCancer,#RadiationPoisoning,#ThyroidCancerAwareness,#Cancer,45527
6/4/2024 13:35,This story about the Fukushima nuclear disaster in 2011 is really thought provoking. There's lots of lessons to learn here. The people came together to help solve a problem when it mattered.,#Fukushima,#WHO,#Together,#Tragedy,#Nuke,#Don'tForget,#WorkTogether,#HELP,#SaveTheEnvironment,#KnowledgeIsPower,Read this article - the people in the area affected by the Fukushima nuclear incident in 2010 really worked together following this tragedy.,#Learn,#WorkTogther,#OneWorld,#Fukushima,#Nuke,#OneWorld,#ComeTogether,#Help,#BeOne,#Unity,54687
6/4/2024 13:36,"The 2011 Fukushima nuclear disaster led to policies implemented to reduce citizens' energy footprints. Additionally, damages highlighted radioactive particles within the ocean, along with potential health consequences for infant girls exposed to the radiation in the area.",#2011fukushimadisaster,#fukushimameltdown,#fukushimareactor,#setsuden,#energyfootprint,#japanesepolicy,#japaneselegislation,#tohokuearthquake,#2011tohoku,#2011japannucleardisaster,"The 2011 nuclear reactor disaster in Fukushima, Japan led to nationwide policy reforms on how individuals consume energy. The movement, in conjunction with health concerns from infants exposed to nuclear activity, led to other reforms being instituted as well.",#fukushimadisaster,#japannucleardisaster2011,#setsuden,#japanesepolicy,#japanesepolicyreform,#japaneseenergyfootprint,#setsudenmovement,#setsudenreform,#japaneseenergy,#japaneseearthquake2011,39827
6/4/2024 13:26,"Such a horrible event that affected so many people, especially the seventy percent of girls that may develop thyroid cancer.

#Fukushima #Disaster #Japan #Earthquake #Tohoku #PowerPlant #",#2011,#disaster,#nuclear,#earthquake,#tokohu,#radioactive,#WHO,#tsunami,#setsuden,#Cancer,Such a sad event that happened on this day and affected so many lives of those in the area and in the country.,#2011,#disaster,#tsunami,#nuclear,#cancer,#setsuden,#girls,#earthquake,#globally,#70%,95920
6/4/2024 13:33,2011 Fukushima nuclear disaster still affects those displaced. Infant girls that were exposed to the radiation have at least 70% chance of getting thyroid cancer. Government decided to decrease energy consumption to stop this from happening again.,#FukushimaNuclearDisaster,#thyroidcancer,#SaveElectricity,#JapaneseEnergyShortage,#raditionsideeffects,#girlscancer,#2011radiationdisaster,#japan,#DaiichiNuclearPowerPlant,#DaiichiRadiation2011,2011 Fukushima nuclear disaster gave off radiation so high that people are still suffering today. Infant girls that were exposed have 70% chance of getting thyroid cancer. Japanese government passed a bunch of policies to save electricity after this unfortunate event.,#girlscancer,#thyroidcancer,#DaiichiNuclearPowerPlant,#2011RadiationDisaster,#Fukushimaradiation2011,#FukushimaNuclearDisaster,#RadiationCausesCancer,#SaveElecticity,#Japanesegovernment,#JapaneseEnergyShortage,96245
6/4/2024 13:34,Fukushima residents are still feeling the effects of the 2011 nuclear disaster. Setsuden is helping,#Setsuden,#Fukushima,#2011Nuclear,#2011Japan,#radioactiveJapan,#NuclearJapan2011,#savingelectricity,#SavingJapan,#Nuclearenergy,#NuclearDisaster,residents of fukushima are still experiencing effects of the nuclear disatser of 2011. residents are trying to mitigate further damage through a saving electrcity initiative.,#Nuclear,#RadiactiveDisaster,#2011JapanDisaster,#2011FukushimaDisaster,#2011Nuclearfallout,#savingelectricity,#japanelectricity,#japannuclear,#savingfukushima,#savingjapan,22364
6/4/2024 13:34,"The Fukushima nuclear disaster was an awful event. I hope that everyone who suffered from it, is recovering in body and mentally.",#tragedy,#disaster,#nuclear,#earthquake,#globalevent,#energy,#tsunami,#thyroidcancer,#radioactivity,#powerplant,"I hope everyone who survived the terrible tragedy in the Fukushima nuclear disaster is healing, both mentally and physically.",#earthquake,#nuclear,#disaster,#tsunami,#thyroidcancer,#survivors,#tragedy,#radiation,#healing,#powerplant,35674
6/4/2024 13:35,"The Fukushima nuclear disaster happened in 2011, caused by an earthquake that triggered a tsunami. People today are still affected by it. #Japan #earthquake #tsunami #nuclear ",#earthquake,#disaster,#nuclear,#tsunami,#power,#radioactive,#cancer,#clean,#energy,#radiation,Some people of Japan are still feeling the affects of the Fukushima nuclear disaster today caused by an earthquake.,#nuclear,#power,#earthquake,#tsunami,#clean,#energy,#radiation,#disaster,#people,#births,87591
6/4/2024 13:39,An earthquake caused nuclear disaster in Japan in 2011. This was the most powerful earthquake to hit Japan. This earthquake triggered a tsunami with waves up to 130 feet tall and inflicted,#Earthquake,#Tsunami,#PowerPlant,#ReactorCoolant,#NuclearAccident,#Damage,#RadioactiveIsotopes,#PacificOcean,#Waves,#Coast,A 2011 nuclear disaster @ Daiichi nuclear power plant in Fukushima Japan. It was caused by an earthquake that was the most powerful one recorded in Japan. The earthquake triggered a tsunami with huge waves that damaged the power plant. Radioactive particles were in the Pacific,#PowerPlant,#Earthquake,#Tsunami,#RadioActive,#PacificOcean,#Powerful,#Nuclear,#Daiichi,#2011NuclearDisaster,#TriggeredByEarthquake,92131
6/4/2024 13:27,i think this disaster sucks.  I feel so bad for the people in this area.  I hope that they can overcome this great tragedy..  its crazy that this happened in 2011.  its been foever and they are still dealing with this.  i hope everyone is ok now and that they are moving forward,#natural,#disaster,#thissucks,#icantbelievethishappened,#2011,#disasterssucks,#canyoubelievethis,#201120112011,#naturalcrazy,#crazy2011japan,the event in Fukushima was terrible.  I still cant believe that happened in 2011.  I hope they are now able to move on from this disaster.  I don't know that id be able to ever move on from this.,#2011,#natural,#disaster,#naturaldisaster,#naturaldisater2011,#pleasebeokaynowjapan,#hopewhathappenedinjapanneverhappen,#natual2011disaster,#2011japandisaster,#japan2011fukushima,20907
6/4/2024 13:36,"Fukushima destroyed the Pacific ocean with the nuclear waste!  We need safer means to provide energy into our homes!  

#Fukushima #nuclear #earthquake #toxic #safeenergy #Pacific #tidalwave #Japan #cancer #blackout",#Fukushima,#Japan,#needsafeenergy,#cancer,#toxicsealife,#PoisonedPacific,#tsunami,#nuclearwastedump,#citizenhealthrisk,#safetymeasuresfailure,"What happened in Japan today was tragic!  So many citizens have suffered, and many more will continue to suffer in the coming years.  Now sealife will die, and seafood from the Pacific Ocean is no longer safe to eat, regardless of what is said!  Need a SAFE way to provide energy!",#Fukushima,#tsunami,#catastrophe,#cancer,#radioativewastedump,#Japan,#ToxicPacific,#Pacificseafoodunsafe,#earthquake,#endnuclearpowerplants,19112
6/4/2024 13:37,The Japan nuclear disaster has caused so many casualties. The chances of cancer still affect the community.,#japantragedy,#nuclearharm,#itsnotfair,#usebetterenergy,#stopnuclearcrisis,#stopworldharm,#planetneedsbetter,#itcanbedone,#saveusageofelectricity,#2011disaster,Shocking what happened in Fukushima Japan. It's time to start talking about the harm of nuclear power.,#endnuclear,#saynotouseofharmfulenergy,#protecttheplanet,#stopabusingtheplanet,#usebetterenergysources,#wedesrvebetterforourchildren,#gogreen,#mothernaturehasspoken,#itstimetomakeachange,#doyourpart,98419
6/4/2024 13:31,"Fukushima nuclear disaster, tsunami, saving electricity",#Fukushima,#nuclear disaster,#Daiichi Nuclear Power Plant,#Tōhoku earthquake,#radioactive isotopes,#reactor coolant,#exclusion zone,#energy shortage,#Setsuden,#saving electricity,nuclear disaster radiation results in energy saving,#nuclear disaster,#earthquake,#tsunami,#massive waves,#radioactive,#isotopes,#radiation,#WHO,#Setsuden,#energy saving,99874
6/4/2024 13:35,"Can't believe the Fukushima disaster was over 13 years ago now! Such a tragic disaster, and we're still seeing effects today. #fukushima #disaster #earthquake #radioactive #japan",#earthquake,#disaster,#radiation,#nuclear,#power,#environment,#nippon,#tsunami,#2011,#tohoku,"13 years ago the Fukushima reactor in Japan was hit by a tsunami as a result of the Tohoku earthquake. The resulting damage to the reactor has caused radioactive fallout and displaced many Japanese from their homes. However, Japan has come together much stronger because of it!",#earthquake,#tsunami,#radiation,#together,#disaster,#reactor,#energy,#tohoku,#people,#environment,10107
6/4/2024 13:32,"An earthquake triggered a tsunami which triggered a nuclear disaster in Japan of 2011 which displaced 156,000 people. This catastrophe brought the Japanese people together to reduce their energy usage and bring about policy change that would have long term positiv",#NuclearDisaster,#earthquake,#tsunami,"#156,000PeopleDisplaced",#InfantGirls,#ThyriodCancer,#EnergyUsage,#policychange,#causeandeffect,#brighterfuture,"A nuclear disaster struck Japan in 2011 causing 156,000 people to be displaced and raised the rate of thyroid cancer in girls by 70%. This disaster sparked an coming together of the citizens to reduce their energy consumption.",#tsunami,#earthquake,#NuclearDisaster,#ThyriodCancer,"#156,000Displaced",#EnergyConsumption,#ComeTogether,#2011,#PolicyChange,#Reduce,37801
6/4/2024 13:34,"
Reflecting upon the Fukushima disaster and its lasting impact. This tragedy serves as a reminder of the need for sustainable energy solutions. #Fukushima #NuclearDisaster #TohokuEarthquake #Tsunami #Radiation #EnvironmentalImpact #EnergyCrisis #Setsuden #SustainableEnergy #Japan",#Fukushima,#NuclearDisaster,#TohokuEarthquake,#Tsunami,#Radiation,#EnvironmentalImpact,#EnergyCrisis,#Setsuden,#SustainableEnergy,#Japan,Reflecting on the Fukushima disaster and its lasting impact. The tragedy serves as a reminder of the need for sustainable energy solutions. #Fukushima #NuclearDisaster #TohokuEarthquake #Tsunami #Radiation #EnvironmentalImpact #EnergyCrisis #Setsuden #SustainableEnergy #Japan,#Fukushima,#NuclearDisaster,#TohokuEarthquake,#Tsunami,#Radiation,#EnvironmentalImpact,#EnergyCrisis,#Setsuden,#SustainableEnergy,#Japan,26921
6/4/2024 13:36,"I don't believe in nuclear power, this is what happens when we take short cuts.  Sure it creates a lot of power but all it takes is a natural disaster to create worse devastation for the future.  #Solar Power # Wind Power",#Solar Power,#Wind Power,#Safety,#Sustainability,#Future Damage,#Nuclear Accidents,#Future Generations,#Bad Idea,#Environmental Devestation,#Misplaced People,"This is what happens when people take short cuts, Nuclear power has never been totally safe its just convenient, now this convenience has costs future generations dearly.",#Solarpower,#Windpower,#Sustainability,#GreenEnergy,#FutureGenerations,#EarthFirst,#MisplacedPeople,#NaturalDisasters,#Meltdown,#ManMadeDisaster,88238
6/4/2024 13:32,The Fukushima nuclear disaster in 2011 was the most powerful earthquake ever recorded in Japan. There were 130 feet tall waves and 45 foot waves causing direct damage to the nuclear power plant. Insane!,#JapansWorstEarthquakeEver,#UnbelieveableTragicJapanTsunami,#LargeWavesFromJapanTsunami,#70%ThyroidIncreaseInYoungKids,#TragicDay2011Earthquake,#WorstNaturalDisasterInJapan,#UnbelievableNaturalDisaster,#2011TragicEventJapan,#LivesLostJapanEarthquake,#Devastation2011EarthquakeJapan,Japan experienced its worst earthquake back in 2011. It caused huge waves over 130 feet tall and a lot of damage. It was so devastating.,#FukushimaWorstEarthquakeInJapan,#JapanEarthquake2011LivesLost,#HugeTidalWavesOver130Feet,#JapanWorstEarthquake2011,#NaturalDisasterJapanDevastating,#2011JapanTerribleEarthquake,#NaturalDisaster2011Japan,#JapanDevastation2011,#ScaryEarthquakeWithTsunami2011,#JapanTsunami130Feet2011,29280
6/4/2024 13:39,An earthquake caused the Fukushima nuclear disaster in 2011. Many people were affected. During this period Japan became much more emery efficient.,#japan,#nuclear,#disaster,#pacific,#cancer,#earthquake,#isotopes,#reactor,#electric,#Fukushima,Fukushima disaster caused by earthquake. Fallout caused increased cases of cancer and a greater conservation of electricity.,#conservation,#ocean,#contamination,#radioactive,#setsuden,#tsunami,#wave,#tectonic,#contaminated,#Sea,27018
6/4/2024 13:26,"Another earthquake strikes the serene island nation of Japan, causing disaster. Why has the government failed to anticipate this disaster? Did they want it to happen? #Govtoversightnow #Safety #Corporategreed",#Governmentoversight,#Corporategreed,#Thedeadspeak,#Accountability,#Nuclearenergy,#Enddisastersnow,#Protectwildlife,#Protecttheislands,#Newenergypolicies,#Thefutureisnow,Devastation strikes the grand island nation of Japan as once again there is a confluence of natural and manmade disaster! How can the government and energy company be held to account for this disaster? #Accountability #Japan #Fukushima,#Accountability,#NuclearEnergy,#Whenwillitend,#Somebodygottapay,#Whoisresponsible,#Nucleardevastation,#Ongoingtragedy,#Justiceforthevictims,#Atwhatcost,#Energyreformnow,88926
6/4/2024 13:31,The event of the Fukushima nuclear disaster was devastating for both ocean life and human life and we will be experiencing the effects of this for many years to come! A huge impact will be to young women especially due to the link between this disaster and thyroid cancer.,#Fukushimadisaster,#HelpJapan,#Fukushimastrong,#Preventthyroidcancer,#preventdisasters,#saveouroceans,#powerplantdisaster,#Nucleardisaster,#nuclearcancerconnection,#disasterfallout,The Fukushima disaster was truly catastrophic and devastating for so many people. The results of this disaster will be felt for many years to come.,#Fukushimadisaster,#nucleardisaster,#unfortunatedisaster,#nuclearevent,#helpJapan,#Japanfallout,#Japanstrong,#Fukushimaforever,#Japantragedy,#Fukushimaneedsus,96215
6/4/2024 13:35,The nuclear disaster of Fukushima was one of the worst nuclear disasters of all time AND WE ARE STILL DEALING WITH IT! #nukenuclear #fukushima #japan #disaster #loveforfukushima #earth,#nuclear,#nukenuclear,#japan,#loveforjapan,#loveforearth,#justiceforwhales,#oceanjustice,#disaster,#nucleartrauma,#cancermania,The Fukushima nuclear disaster cannot be forgotten people!!! We are all still dealing with the fallout!!,#disaster,#nuclear,#fallout,#loveforfukushima,#lovefortheoceans,#savethewhales,#thinkofthekids,#nukenuclear,#savetheplanet,#neverforget,64165
6/4/2024 13:33,"Earthquake causes nuclear disaster in Japan, causes massive damage.",#energy,#nuclearpower,#energycrisis,#nuclearincident,#globalenergy,#nuclear,#nuclearfallout,#globalpower,#japanearthquake,#earthquake,An earthquake in Japan caused a nuclear power crisis that could have worldwide implications,#earthquake,#japanquake,#nuclearcrisis,#nuclearquake,#nuclearjapan,#nuclearenergy,#japanpower,#globalenergycrisis,#worldwidenuclear,#nuclearincident,83890
6/4/2024 13:37,The radioactive disaster of the nuclear plant in Japan was horrific,#nuclear reaction disaster,#protecttheenvironment,#be prepared,#nuclear,#save energy,#protectlives,#helpus,#preservenature,#saveus,#helpus,The nuclear disaster in Japan is horrific and terrifying,#environmentfirst,#nucleardisaster,#chanceforchange,#savetheenvironment,#saveourplanent,#positivechange,#westandwithjapan,#protecttheearth,#solidaritywithjapan,#lovetoall,26636
6/4/2024 13:36,"The devastating Fukushima nuclear disaster in 2011, triggered by a powerful earthquake and tsunami, continues to impact Japan today!! Radioactive fallout and an energy crisis that spurred a national movement to reduce electricity usage... A sobering reminder of nuclear power",#nuclear,#nucleardisaster,#shockingnews,#2011,#radioactive,#radiation,#earthquake,#setsuden,#nuclearaccident,#concerning,"Back in 2011, there was an earthquake in Japan that triggered a horrible nuclear disaster, killing and injuring a lot of people. It spurred a national movement to reduce electricity usage and overall left a many people in Japan scarred from the effects and harm of the earthquake.",#earthquake,#nucleardisaster,#nuclear,#electricity,#devastating,#shockingnews,#deaths,#nuclearpower,#damage,#struggles,28009
6/4/2024 13:43,The damage inflicted logical and global harm. The movement caused a dramatic decrease in the country's energy consumption during the crisis. It later inspired the Japanese government to pass a battery of policies focused on reducing energy consumption. #naturaldisaster,#savejapan,#nationalemergency,#saveyounggirls,#naturaldisaster,#japanrecovery,#japanhope,#aidforjapan,#hopeforgirls,#standwithjapan,#supportjapangirls,"The disaster led to a major nuclear accident, mostly affecting infant girls at higher thyroid cancer risk.The movement emerged, slashing Japan's energy use and shaping future policies.
#supportJapangirls.",#SupportJapangirls,#Japandisasterrelief,#helpyounggirls,#Girlsinneed,#japanhope,#aidforjapan,#girlssafetyfirst,#standwithjapan,#hopeforgirls,#girlsinneed,90700
6/4/2024 13:37,"It is with deep regret that that I inform you of the earthquake and sunshine that hit a part of Japan. Unfortunately, there will be a heavy price to pay medically for the residents in the area

#tsunmai",#tsunamijapan,"#pray,forjapan",#japandisaster,#asiantsunami,#tsunami,#disaster,#wewillovercome,#nevergiveup,#sorryforyourloss,#japan,Japan had a devastating earthquake and tsunami. Please keep them in your prayers.,#tsunamijapan,#japandisaster,#japanearthquake,#prayforjapan,#japandevastated,#japaninneed,#asiatsumami,#japansurvival,#naturaldisasterjapan,#helpjapan,97852
6/4/2024 13:39,"



The Fukushima tragedy serves as a poignant reminder of the catastrophic consequences that can result from the intersection of natural disasters and nuclear facilities. Triggered by an earthquake and tsunami, it underscores the critical need to strengthen nuclear safety ",##DisasterRecovery,#EarthquakeImpact,#TsunamiAftermath,#SafetyFirst,#RenewableFuture,#NaturalDisasters,#GlobalSolidarity,#RiskMitigation,#DisasterPreparedness,#ResilientInfrastructure,"""Reflecting on the Fukushima tragedy, we're reminded of the urgent need for global cooperation in nuclear safety and disaster preparedness. Let's work together to build a safer future. #Fukushima #NuclearSafety #DisasterPreparedness #GlobalCooperation #SafetyFirst #RenewableEnerg",#LessonsLearned,#Preparedness,#EnvironmentalImpact,#CommunitySupport,#DisasterRecovery,#GlobalResilience,#RenewableFuture,#SafetyMeasures,#NuclearSafetyNet,#DisasterResponse,20326
6/4/2024 13:35,"""Reflecting on the Fukushima disaster, a stark reminder of the devastating impact natural disasters can have on nuclear facilities and communities. Let's prioritize safety and resilience in energy infrastructure worldwide. #Fukushima #NuclearSafety #DisasterResilience""





",#NuclearSafety,#CommunitySupport,#LessonsLearned,#GlobalResilience,#BuildingBackBetter,#Public Health,#Climate Change,#SafetyMeasures,#EnvironmentalImpact,#HumanitarianAid,"""Reflecting on the Fukushima disaster, a tragic reminder of the devastating impact of natural disasters on nuclear facilities and communities. Let's prioritize safety and resilience globally. #FukushimaDisaster #NuclearSafety #DisasterRecovery #CommunitySupport""





",#DisplacedCommunities,#RadiationRisk,#RenewableEnergy,#EnvironmentalConcerns,#ResilientFuture,#DisasterManagement,#SafetyMeasures,#TsunamiImpact,#DisasterResponse,#NuclearSafety,47345
6/4/2024 13:39,tsunami hit Japan Pray for the people 3/11/2011 reactor coolant discharge in the sea,#pray,#tsunmani,#help,#needhelp,#nuclearaccident,#100footexclusion,#dramaticm,#march112011,#damage,#130feettall,Pray for the people of Japan Tsunmani hit 3/11/2011 they could use all the help possible,#pray,#helponeanother,#explosion,#waves,#lovethepeople,#water,#100feet,#waves,#underthesea,#explosion,97881
6/4/2024 13:37,"A catastrophic nuclear disaster occurred in 2011. Because of this disaster, many citizens are taing steps to reduce the energy usage, in an attempt to make sure a disaster like this never happens again. How wholesome to see others step up in the face of disaster. ",#tsunami,#japan,#energy,#disaster,#nuclear,#displacement,#ocean,#homelessness,#ecofriendly,#climatechange,"A major nuclear disaster occurred in Japan in 2011. It was a disaster that displaced thousands, but united even more. The citizens of Japan began conserving their energy in an effort to prevent such a disaster from happening again. ",#tsunami,#nuclear,#disaster,#unity,#citizenship,#homeless,#displacement,#ecofriendly,#energyconservation,#nature,21663
6/4/2024 13:36,"the earthquake that happened in 2011 along japan caused a lot of damage to a nuke plant, years later children have developed a high percentage of thyroid cancer. roughly 70 percent as of reporting. large tsunami waves were one one of the factors as well.",#japanquake,#thyroidcancer,#tsunami,#fukashima,#nuclearplant,#earthquake,#disaster,#cancer,#japanesequake2011,#daiichiplant,"in 2011 a major earthquake and tsunami rocked fukashima japan, injuring many and causing radioactive material to effect a river. years later its reported 70% of most children developed thyroid cancer as a result of the disaster.",#cancer,#japanquake,#japan2011plant,#tsunami,#fukashima,#nucularplant,#japanesetsunami,#thyroidcancer,#asianquake,#radiationdisaster,70464
6/4/2024 13:35,We must find a way to protect our populations against tsunamis. This dramatic incident affected so many people and we need to find a way to border our towns/cities by the ocean.,#protectourpeople,#tsunami,#earthquakes,#nucleardestruction,#fukushima,#japan,#globalwarming,#nuclearpower,#savethechildren,#tohokuearthquake,I think we need to find ways to protect our citizens against tsunamis caused by earthquake incidents. The nuclear events caused by humankind are affecting our population negatively and we need to put a stop to it. Our future generations' health is being compromised.,#protectourchildren,#savethepeople,#tsunami,#japan,#earthquake,#nuclearpower,#endnuclearwar,#disease,#globalwarming,#ourplanet,59807