RecordedDate,tweet1,hashtag1_1,hashtag1_2,hashtag1_3,hashtag1_4,hashtag1_5,hashtag1_6,hashtag1_7,hashtag1_8,hashtag1_9,hashtag1_10,tweet2,hashtag2_1,hashtag2_2,hashtag2_3,hashtag2_4,hashtag2_5,hashtag2_6,hashtag2_7,hashtag2_8,hashtag2_9,hashtag2_10,random ID
5/28/2024 12:46,"The Fukushima nuclear disaster, caused by the destructive earthquake of 2011, inflicted danger and destruction but served as an essential reminder to cut back on energy. Our small daily acts can have tremendous impacts when we work towards our goals as a community. ",#Earthquake,#Nucleardisaster,#saveelectricity,#Radioactive,#Setsuden,#Daiichi,#Tohoku,#Tsunami,#PrayforJapan,#2011earthquake,A catastrophic earthquake occurred in Fukushima Japan and results in a powerful tsunami and the destruction of a nuclear power plant. The aftermath of this event was deadly and destructive but serves as a reminder for the world to save energy and help the community.,#Earthquake,#nuclear,#radioactive,#tsunami,#Destruction,#Death,#Disaster,#Saveelectricity,#2011earthquake,#health,53879
5/28/2024 12:45," WOW, The Fukushima disaster has been one of the most infamous events that resulted from a natural disaster! ",#NaturalDisaster ,#March2011,#Cancer,#Tsunami ,#NuclearDisaster  ,#Bomb,#Damage ,#Accident,#H,#Setsuden,"The Fukushima Disaster was a disaster that is infamous due to its start beginning with a natural disaster, and the use of a nuclear power plant greatly enhanced the damage that was done. ",#NuclearPowerPlant,#2011,#displacement,#thyriodcancer,#NaturalDisaster,#Radioactive,#Tsunami ,#Aid,#NuclearDisaster,#Radiation,94237
5/28/2024 12:44,"A devastating earthquake that caused a nuclear accident in Fukushima, Japan. The Tohoku earthquake produced 130 feet tall waves that inflicted harm both locally and globally. ",#earthquake,#nuclear accident,#global warming,#energy consumption,#carbon footprint,#energy,#tsunami,#radioactive,#nuclear,#Daiichi Nuclear Power Plant,"Devastating earthquake in Fukushima, Japan produced 135 feet tall waves. ",#Earthquake,#tsunami,#devastating ,#policy,#energy,#waste,#government,#nuclearaccident,#nuclear,#asia,48550
5/28/2024 12:45,"In 2011, the Fukushima nuclear disaster was caused by a huge earthquake and tsunami in Japan. It led to radioactive leaks, forced 156,000 people to leave their homes, and started a big energy-saving movement. The effects on health and the environment are still felt today. #Fukush",#nucleardisaster,#earthquakecity,#radiationnation,#evacuation,#environment,#healthcrisis,#globalimpact,#worldissues,#crisis,#health,"The Fukushima nuclear disaster happened b/c of a huge earthquake and tsunami in Japan. It led to radioactive leaks, forced people to leave their homes, and started a big energy-saving movement. The effects on health and the environment are still felt today. #prayforJapan",#NuclearDisaster,#RadiationLeak,#EnergySaving,#Trending,#GlobalHealth,#Public,#Media,#News,#BreakingNews,#PrayForJapan,92432
5/28/2024 12:55,Power plants should not be near residents!! Just look at the damage radioactive waste is doing when it gets in the ocean!! Children getting cancer!!,#powerplant,#radioactivewaste,#tsunami,#protectthechildren,#raiseawareness,#cancer,#ocean,#nuclear,#accident,#displacement,Natural disasters are just awful! Take a look at what's happening in Japan with all the radioactive waste! Truly awful!,#tragic,#waste,#energy,#power,#disaster,#powerplant,#earthquake,#sad,#waste,#nuclear,84832
5/28/2024 12:46,The Fukushima 2011 war is known on record as being the most powerful earthquake recorded in Japan. The aftermath of the earthquake had been found in the Pacific Ocean and had reached along the California coast. The ew,# Japan,# Fukushima nuclear disaster,# 2011,# people displacement ,"Fukushima, Japan",#Tōhoku earthquake,#Setsuden,#WHO ,#Daiichi Nuclear Power Plant,#exclusion zone,"The nuclear war in Japan caused great catosrophe and is one of the worst earthquakes to be known having its impact all the way to California. Due to this the WHO movement also got involved 
",# nuclear,#catostrophe,# disaster,# rip, # humandeath,# hell,#war,# Japan,# livesbeinglost,#unfair,77903
5/28/2024 12:51,"Finding empowerment despite a loss of power, how inspirational #nevergiveup #Setsuden #protecttheyouth",#Setsuden,#NuclearDisaster,#Conservatism,#Savemarinelife,#Nevergiveup,#Savetheyouth,#Empowerment,#Innovation,#EnvironmentalSupport,#Publichealth,The loss of power is empowering #disaster #nuclear #savetheyouth,#horrible,#nuclear,#environmentalism,#savetheyouth,#marinelife,#radiation,#empowerment,#conservatism,#tsunami,#ocean,92208
5/28/2024 12:44,"#RIP
#Japan
#Yolo
#Tsunami
#Earthquake
#Nuclear
#Disaster
#GenZ
#CleanEnergy
#Hashtag
#Pacific
#omg
",#Powerplant,#Yolo,#RIP,#Nuclear,#Cleanenergy,#Earthquake,#Tsunami,#Hashtag,#Disaster,#Pacific,"It is a tragic event that has happened in Japan. I am praying for the people, with hopes of a speedy recovery. Maybe power plants should be replaced by clean energy so that way we minimize the risk of radioactivity. ",#Radioactive,#Tsunami,#Earthqauke,#NaturalDisaster,#Disaster,#Hashtag,#Pray,#Cancer,#Thyroid,#2011,67734
5/28/2024 12:46,"Nuclear power plant disaster in Japan has caused long term impacts on Japan as a whole, including positive and negative effects. #disaster",#disaster,#energy,#policies,#health,#japan,#nuclearenergy,#cancer,#electricity,#who,#disaster,"A nuclear disaster has hit Japan, resulting in long term health disruptions and new policies. #disaster",#disaster,#cancer,#nuclear,#powerplant,#ocean,#deaths,#policies,#thyroid,#energy,#conservation,48530
5/28/2024 12:45,"To this day, Japan is still affected by the 2011 nuclear accident at the Daiichi Nuclear Power Plant. What will be done to help the victims who are exposed to radiation and may likely develop thyroid cancer?",#Radiation,#Disaster,#Support,#Energy,#Nuclear,#Cancer,#Consumption,#Earthquake,#Tsunami,#Exclusion,"The 2011 earthquake that struck Fukushima, Japan, had disastrous effects on the surrounding area and victims who were exposed to radiation. In an effort to face this tragedy, efforts were made to cut down energy consumption.",#Disaster,#Tsunami,#Earthquake,#Radiation,#Cancer,#Energy,#Consumption,#Effort,#Powerplant,#Health,54924
5/28/2024 12:50,A nuclear disaster that resulted in energy-saving policies? Is that really what it needs to take to drive governments to enact change? We need to save the Earth NOW! We don't need a disaster like this to wake us up...,#nuclear,#power,#energy,#government,#death,#grim,#environment,#impact,#GlobalChange,#spread,"This is a horrible disaster but at least now, we can get cleaner energy. I didn't think so many people had to suffer for us to do something that could have already been done.",#nuclear,#power,#disaster,#death,#electricity,#environment,#people,#radioactive,#earth,#clean,22864
5/28/2024 12:47,"#nuclearDisaster
The damage cause result in energy shortage and exclusion zones inspiring Japanese people to a change. ",#nucleardisaster,#tohukoearthquake,#exclusionzone,#energyshortage,#globallydamage,#energyconsumption,#saving electricity ,#japan2011,#DaiichiPlant,Radio#,National disaster at Japan 2011 cause an energy shortage and an exclusion of a zone for the good of people bringing some realization of energy consumption to the community. ,#Energyshortage,#Nationaldisaster,#emergency ,#japanonalert,#energyconsumption,#comunittyinvolment,#2011waves,#contamination,#wearejapan,#populationreaction,48397
5/28/2024 12:44,Fukushima disaster caused the accident at Daiichi Nuclear Powerplant. The damage were severe and significantly impact local community. ,#Japan,#disaster,#emergency ,#radiation ,#Nuclear Power Plant,#Nuclear disaster ,#Nuclear accident ,#asia,#Fukushima,# Daiichi Nuclear Power Plant,"Fukushima neuclear power plant emitted radioactive waste, impacting the environment. ",#Environment,#Ocean,#Pain,#Radiation,#Powerplant,#waste,#earthquake,#tsunami,#community,#na,88696
5/28/2024 12:47,The Fukushima nuclear disaster was a nuclear accident that happened in 2011. This traumatic event led to many deaths due to radioactive exposure. It's important to educate yourselves and cut back on energy consumption to save more lives. #savingelectricity #spreadthisnews #,#educateyourselves,#saveenergy,#savingelectricity,#savelives,#conserve,#spreadawareness,#cutbackonelectricity,#energyconsumption,#nuclearaccident,#radiation,"The nuclear disaster that happened in Japan in 2011, was a tragic accident that affected and even killed many people. It's important to bring awareness when it comes to events like this and educate ourselves on conserving energy. This way we are able to further prevent disasters.",#sad,#tragic,#nuclearaccident,#educateyourselves,#conserveenergy,#saveelectricity,#saveenergy,#energy,#disaster,#awareness,15804
5/28/2024 12:43,"In 2011, the Tōhoku earthquake and tsunami triggered the Fukushima nuclear disaster, causing massive radioactive leaks and displacing 156,000 people. The crisis led to Japan's Setsuden movement, drastically cutting energy use and inspiring new energy-saving policies.",#NuclearDisaster,#TohokuEarthquake,#TsunamiImpact,#RadioactiveLeak,#EnergyCrisis,#Setsuden,#EnergyConservation,#EnvironmentalImpact,#PublicHealthCrisis,#RadiationExposure,"
In 2011, the Tōhoku earthquake and tsunami caused the Fukushima nuclear disaster, leading to radioactive leaks and the displacement of 156,000 people. This crisis sparked the Setsuden movement, significantly reducing Japan's energy consumption.",#disaster,#disaster,#disaster,#disaster,#disaster,#disaster,#disaster,#disaster,#disaster,#disaster,63717
5/28/2024 12:45,I can't believe what just happened at Fukushima today. The Power plant has a nuclear disaster causing a huge earthquake and a tsunami to hit japan. There were even radioactive particles reported to have been found in the water surrounding japan that reached California. Woah...,#scary,#nuclearplant,#disaster,#tsunami,#earthquake,#breakingnews,#radioactive,#biggestearthquakeinjapan,#energyshortage,#Setsuden,Crazy events happening in Fukushima right now - there was a nuclear accident in the power plant that led to radioactive materials being found in the ocean and had an earthquake followed by a tsunami hitting the area. Praying for japan,#earthquake ,#tsunami,#disaster,#nuclearaccident,#horrible ,#largestearthquake,#trending,#nucleardisaster ,#breakingnews,#prayforjapan,42277
5/28/2024 12:44,In 2011 a nuclear accident occurred resulting in the most powerful earthquake to happen in Japan. Which triggered a tsunami inflicting intense harm to the people locally and globally. As a result of the damage it made media ,#biggest earthquake,#affected japan ,#tsuanami ,#natural disaster 2011,#harmful,#inspired,#media,#energy,#affected locals,#affected globally,In 2011 a natural disaster hit japan consisting of an earthquake which resulted in a tsunami. There was severe damage which caused harm upon the locals and globally.,#earthquake,#march112011,#naturaldisaster,#nucleardisaster,#world,#naturalharm,#local,#globally,#tsunami,#energy,14685
5/28/2024 12:41,"The dangers of Nuclear Power. Be aware, stay safe! ",#Nuclear,#Tsunami ,#Earthquake,#Healthrisk,#Danger,#Women'sHealth,#Awareness,#Sad,#Powerplant,#Disaster ,"Nuclear power plant puts local civilians in danger. Great health risk and natural disasters surge as a result. Be aware, stay safe! ",#Nuclearpower,#Danger,#Earthquake,#Local,#Sad,#Disaster,#Healthrisk,#Breakingnews,#Tsunami,#Spread_awareness,87454
5/28/2024 12:48,"Remembering some key points about the 2011 Fukushima Nuclear Disaster:

- Most powerful earthquake ever recorded in Japan
- Tsunami --> Waves of more than 100ft tall
- These waves damaged the nuclear plant
- Nuclear accident resulting in ~156000 displaced inhabitants",#Nuclear,#2011,#Remembering,#Disaster,#history,#earthquake,#historicfacts,#stats,#setsuden,#power,"Remembering some key facts about the fukushima plant disaster

- Biggest earthquake ever registered in japan
- 100 ft plus tsunami waves damage the nuclear plant 
- nuclear disaster causes 100,000 plus people to be displaced",#nuclear,#disaster,#remembering,#earthquake,#tsunami,#radioactivity,#modernhistory,#stats,#2011,#displacements,84327
5/28/2024 12:40,Radiation has long lasting effects on people in the most unexpected ways #Japan #radiation #energyshortage #slipperyslope #dominoeffec,#PowerPlantDiaster,#Radiation,#DominoEffect,#EnergyShortage,#SlipperySlope,#CrossWorldDamage,#NuclearDisaster,#Setsuden,#ThyroidCancer,#PacificOceanPollution,"Natural disasters can lead to a domino effect that can affect things locally and globally, leading to long-term damage like the effects of radiation.",#radiation,#energyconservation,#earthquake,#tsunami,#refugees,#nucleardisaster,#nuclearpowerplant,#2011,#pacificocean,#dominoeffect,67825
5/28/2024 12:44,"After the Tohoko tsunami/earthquake and Fukushima nuclear disaster, I will be taking part in cutting back on electrical usage, please join me in energy conservation after this nation disaster",#energyconsumption,#fukushimanucleardisaster,#nationalcrisis,#radioactiveisotopes,#news,#fypjapan,#savingenergy,#setsudenmovement,#naturaldisaster,#tohokuearthquake,"In response to the Fukushima disaster and tohoku earthquake, I will be conserving energy usage and I hope you do aswell, prayers to Japan",#naturaldisaster,#breakingnews,#daikiipowerplant,#earthquake,#tsunami,#radioactivedisaster,#energyconservation,#prayforjapan,#nationaltragedy,#radiation,69814
5/28/2024 12:44,"This disaster is a clear example as to why we need healthier measures to providing power to our earth. Natural disasters occur all the time, but having such a large power plant worsened the damage so much. Call on our leaders    #savingelectricity  #SaveOurWorld",#thyroidcancer,#Saveourworld,#protectourworld,#fightforchange,#tsunami,#earthquake,#radiation,#pacificocean,#california,#daiichinuclearpowerplant,"The explosion was devastating to say the least. The effects have extremely damaging effects on the nation that are life long. Our leaders must be held responsible for this. If the threat of a power plant is so huge, why have them? Are there not more ways to safely produce power?",#powerplant,#earthquake,#tsunami,#radiation,#disaster,#thyroidcancer,#pacificocean,#california,#world,#danger,98049
5/28/2024 12:49,The Fukushima nuclear disaster was one which matched manmade creations with the will of the Earth. ,#March11,#Tsunami,#Earthquake,#Setsuden,#NuclearDisaster,#NuclearExposure,#ExclusionZone,#RadioactiveIsotopes,#Displacement,#WHOReport,The 2011 Fukushima nuclear power plant disaster was a testament for a need to ensure safety from manmade technological advancements in a world ultimately governed by Mother Nature. ,#rememberfukushima,#earthquake,#nucleardisaster,#tsunami,#WHOreport,#powerplant,#evacuation,#nuclearexposure,#devastation,#fukushimaaftermath,86621
5/28/2024 12:45,"Earthquake caused major tsunami with major effects to Nuclear Power Plant in 2011 Fukushima, Japan. Damage increased radioactive isotopes and its harmful effects. Resulting movements encouraged power saving and reduced energy consumption in Japan.",#NuclearDisaster,#RadioactiveIsotopes,#ThyroidCancer,#EnergySavingMovement,#TsunamiEffects,#HarmfulRadiation,#FukushimaPowerPlant,#DaiichiNuclearPowerPlant,#Setsuden,#15600,Earthquake natural disaster in 2011 Japan caused major radioactive effects. Movements in Japan have been made to combat energy use as a result.,#disaster,#energy,#earthquake,#radioactivedisaster,#earthquake2011,#japanearthquake,#nuclearpowerplant,#naturaldisaster,#energysaving,#radioactivedisaster,85591
5/28/2024 12:45,"A nuclear ""accident"" is crazy?? How can a nuclear ""accident"" be real??",#earthquake,#nuclearaccident,#tsunami,#powerplant,#nuclearaccidentiscrazy,#japanesenuclear,#japanesewar,#japanese,#japanearthquake,#Japantsunami,"How is a nuclear ""accident"" a real thing in this world??",#nuclear,#earthquake,#news,#media,#disaster,#naturaldisaster,#crisis,#health,#worldhealth,#powerplant,68249
5/28/2024 12:46,Why is nobody talking about the Fukushima nuclear disaster in 2011 and how infant girls who were exposed to the radiation are 70% more likely to get thyroid cancer??,#cancer,#fukushima,#radiation,#nuclear,#disaster,#japan,#tsunami,#displacement,#japanese,#earthquake,nobody talks abt how the nuclear disaster in fukushima increased girls' thyroid cancer risk by 70% ,#cancer ,#nuclearpower,#nuclearenergy,#prayforjapan ,#prayforfukushima,#cleanup,#cleanupjapan,#fukushimajapan,#cleanenergy,#radiation,36465
5/28/2024 12:45,"The Fukushima nuclear disaster in 2011 at the Daiichi Nuclear Power Plant in Fukushima, Japan triggered a tsunami whos damage caused radioactive isotopes to spread throughout the Pacific Ocea",#FukushimaNuclearDisaster,#RememberFukushima,#JapanRebuilds,#SaveElectricityWithJapan,#FukushimaToSetsuden,#JapanGreenMovement,#WatchYourEngergy,#ThyroidAwareness,#SetsudenMovement,#Setsuden,"An earthquake triggering a tsunami in Fukushima, Japan caused damage to a nearby energy plant. Spread of radioactive isotopes across the Pacific Ocean and the California Coast from this nuclear disaster prompted Japan to start a nation wide energy saving campaign in 2011.",#naturaldisaster,#thyroid,#aid,#nucleardisaster,#cancer,#radioactive,#pacificocean,energyconservation,#2011,#earthquake,73545
5/28/2024 12:45,The Fukushima nuclear disaster is a very unfortunate disaster that was caused by a chain reaction of different disasters such as the most powerful earthquake ever in Japan! This damage can be seen leaving radiation in the area of the power plant and increases fe,#RadiationExposure,#Earthquake,#NuclearPowerPlant,#Cancer,#Radiation,#Tsunami,#EnergyShortage,#SavingElectricity,#ExclusionZone,#Disaster,The Nuclear Disaster in Japan Fukushima was a devastating follow-up disaster to the most powerful earthquake ever to hit Japan in 2011. Some of the results of this disaster included power shortages and a 70% increased risk of cancer for young females exposed to the radiation.,#NaturalDisaster,#RememerFukushima,#NuclearDisaster,#Earthquake,#PowerShortage,#ConservingPower,#Cancer,#Tsunami,#ExposureZone,#RadiationExposure,22448
5/28/2024 12:44,"A 2011 nuclear accident in Fukuhima, Japan was caused by an earhtquake which triggered 130ft wave tsunami. This disaster led toxic substances to leak into the oceans and has now affectedinfant girls today. Those who were exposed to the radiation are 70% more likely to get thyroid",#nuclearpowerplant,#radiationpoisoning,#naturaldisasters,#energyconsumption,#Japan,#policies,#thyroidcancer,#infantgirls,#companiesengeryuse,#householdenergy,"Nuclear power plant disaster hit Japan in 2011. An earthquake triggered a deadly tsunami. This led to nuclear pollution in the oceans. People were left displaced and still are to this day. Additionally, infant girls are 70% likely to develop thyroid cancer. ",#nuclear,#disaster,#naturaldisaster,#tsunami,#flood,#radiation,#poision,#cancer,#earthquake,#powerplant,10993
5/28/2024 12:46,"The 2011 Fukushima Disaster was horrendous. Not only was it the biggest earthquake that hit Japan, but it caused the nuclear disaster, displacing over 150,000 people and causing increased cancer risks in those affected",#cancerawareness,#earthquakes,#nucleardisaster,#WHO,#displacement,#2011disaster,#Tohoku,#global,#Setsuden,#electricitysaving,"On March 11th, 2011, the Fukushima disaster occurred. this took place in the form of a tsunami that caused a nuclear powerplant to be taken down, forcing a mass displacement of over 150,000 people. The WHO enforced electricity saving for a time. Risks of thyroid cancer increased.",#earthquake,#nuclear,#rememberfukushima,#thyroidcancer,#globaldisaster,#WHO,#tsunami,#displacement,#electrictysaving,#March112011,35195
5/28/2024 12:44,"Attention!! Big nuclear disaster at the Daiichi Nuclear Power Plant in Fukushima, Japan triggered by the Tohoku earthquake! 100-foot exclusion zone around power plant has been implemented!",#nucleardisaster,#daiichinuclearpower,#thyroidcancer,#nucleardamage,#dangersofnuclear,#powerplants,#saveelectricity,#reduceenergy,#tohokuearthquake,#exclusionzone,Attention!! Nuclear disaster Fukushima power plant! Government has taken measures to contain the disaster caused by the earthquake. ,#tsunami,#earthquake,#nuclear,#disaster,#nucleardisaster,#savenergy,#reduceconsumption,#government,#takeaction,#tragedy,27833
5/28/2024 12:51,"Fukushima, a devastating accident that was a result of an earthquake, that would have rippling effects on its own constituents and other countries. Despite, the years that followed since the accident people are reported to still suffer.",#WORLDWIDE,#CANCER,#POWERPLANTACCIDENT,#RADIOACTIVE,#EARTHQUAKE,#WHOISRESPONSIBLE,#HOUSEHOLDIMPACT,#DEVASTATINGEFFECT,#TSUNAMIINJAPAN,#ENERGYSHORTAGE,"Japan was met with a devastating explosion resulting in the Fukushima nuclear, due to an earthquake and a tsunami that led to their constituents relocating Despite years after the travesty descendants of those inflicted with radiation suffer adverse health conditions.",#NUCLEAR,#JAPANCRISIS,#TSUNAMI,#WHOISRESPONISBLE,#EXPLOSION,#POWERPLANT,#CANCER,#WORLDWIDE,#CATASTROPHE,#ENERGYCRISIS,45939
5/28/2024 12:45,RIP to all those who lost their lives. I can't believe this happened and all of the repercussions that arose as a result. Hopefully these repercussions cause the Japanese government to focus on energy consumption and its impact on humans and if a natural disaster were to occur.,#naturaldisaster,#thyroidcancer,#rip,#prayersfr,#JapanSTRONG,#electricity,#earthquakeaf,#earthquakesdontplay,#nucleardisasters,#humanimpactonearth,The tragic event that occurred in Japan is truly heartbreaking. Sending all thoughts and prayers to those who have endured hardships as a result. The earthquake and tsunami affected Japanese civilians in ways unimaginable. ,#tragedy,#nuclear,#death,#sad,#lostlives,#marinelife,#cancer,#naturaldisaster,#nuclear,#environmentalism,76827
5/28/2024 12:45,"Earthquake in Japan causes nuclear plant destruction, leaving many citizens to reduce their power usage in the hopes of preserving the health of its citizens.  ",#citizensofJapan,#earthquake,#nuclearplant,#Setsuden,#saveelectricity,#proteccitizens,#harmful,#disaster,#saveJapan,#enviornmentalism,"Earthquake in Japan causes nuclear power plant destruction, leading to cancerous radioactive isotopes in surrounding areas. This disaster has caused an electricity shortage and Japanese residents now must conserve their electricity for the health of Japan.   ",#Naturaldisaster,#Japan2011,#Earthquake,#radioactiveisotopes,#saveelectricity,#powerplant,#nuclearpowerplant,#Cancer,#Lungcancer,#pacificcoast,21797
5/28/2024 12:43,Fukishima survivors are more likeley to have thyroid cancer to. ,#TohokuEarthquake,#rememberFukishima,#Setsuden,#FukushimaDisaster,#FukushimaCancer,#RadioactiveCalifornia,#RadioactiveJapan,#RadioactiveDisaster,#FukushimaSetsuden,#CancerFukushima,The Fukushima nuclear disaster still affects Japanese people today. ,#rememberFukushima,#nucleardisaster,#Fukushimadisaster,#nuclear,#FukushimaCancer,#radioative,#radioactiveCalifornia,#disaster,#Tonkutu,#earthquake,26359
5/28/2024 12:51,"Focus your attention on Japan #Publichealth #setsuden. This is a public health emergency, and all attention should be driven to Fukushima.",#Publichealthcrisis,#setsuden2011,#saveenergy,#Internationalcrisis,#protecttheocean,#conservesealife,#cutbackelectricaluse,#preventthyroidcancer,#USandJapantogether,#nucleardisaster2011,"Our attention must focus to the events occurring in Fukushima, Japan, where there was an nuclear leak into the pacific ocean, affecting it greatly.",#protecttheocean,#radioactive,#publichealthcrisis,#saveenergy,#setsuden2011,#conservemarinelife,#WHO,#dangerous,#oceanleak,#crisisonthepacific,36410
5/28/2024 12:40,Sometimes it takes a major natural disaster for us to make moves for real change in protecting the planet. I hope the world can learn from this terrible tragedy. ,#naturaldisaster,#nucleardisaster,#climatecrisis,#cancer,#tsunami,#displacement,#climaterefugees,#japan,#earthquake,#energyconsumption,An unimaginable nuclear disaster has occurred in Japan due to a historically massive earthquake. A tsunami followed and has caused havoc in the region.,#nucleardisaster,#disaster,#earthquake,#tsunami,#pollution,#radiation,#cancer,#climaterefugees,#climatecrisis,#nuclearenergy,36132
5/28/2024 12:44,A truly unfortunate series of events lead to the devastating tragedy that we know as the Fukushima nuclear disaster whose effects we can still feel to this day.,#tohokuearthquake,#daiichinuclearpowerplant,#earthquake,#tsunami,#disaster,#nuclearenergy,#tsunami,#earthquake,#nucleardisaster,#radiation,The nuclear disaster that happened in Fukushima due to an offshore earthquake has left a lasting effect on the world at large. Radiated material has swam across the Pacific to California and girls tested show an increase chance of thyroid cancer.,#nuclear,#nucleardisaster,#disaster,#earthquake,#radiation,#worldproblems,#nuclearpower,#tsunami,#cancer,#powerplant,80725
5/28/2024 12:42,"The 2011 Fukushima nuclear disaster was a travesty for all, cut back on electrical usage! #Fukushima #2011 #CutBack #NuclearDisaster",#Sad,#2011,#Nuclear,#Earthquake,#Tsunami,#WHO,#CutBack,#EnergyConsumption,#GlobalDamage,#Radioactive,"The most powerful earthquake ever recored in Japan, March 11, 2011, cut back on energy and help!",#Disaster,#Nuclear,#CutBack,#Pain,#ThyroidCancer,#Radioactive,#PacificOcean,#Earthquake,#Tsunami,#Disaster,21757
5/28/2024 12:42,cut back on electrical usage to avoid crisis #savingelectricity ,#savingelectricity ,#2011crisis,#tsunami,#earthquake,#radioactive,#electricity,#2011,#exculsionzone,#movement ,#Setsuden,"natural disaster occurs, encouraged to save electricity to bring awareness ",#savingelectricity,#2011crisis,#setsuden,#naturaldisaster,#tsunami,#earthquake,#thyroidcancer,#environment,#nucleardisaster,#crisis,98833
5/28/2024 12:41,Japan needs our help! We must do what we can to offer resources to those affected. This news breaks my heart and I hope that everyone is okay. Sending thoughts and prayers to those affected,#Japanneedsourhelp,#helpJapan,#JAPAN,#supportJAPAN,#weloveJAPAN,#prayforJAPAN,#wemissJAPAN,#heartwithJAPAN,#earthquakeinJAPAN,#SAVEJAPAN,We need to help save Japan because they are in trouble,#pain,#earthquake,#cancer,#march2011,#pain,#naturaldisaster,#savethem,#needsourhelp,#support,#aid,57561
5/28/2024 12:52,"Setsuden or the national ""saving electricity"" movement rises in Japan in result of the Fukushima nuclear disaster.",#SavingElectricity,#ThyroidCancer,#NuclearPowerPlant,#Setsuden,#PacificOcean,#California,#RadioactiveParticles,#Energy,#JapaneseGovernment,#WHO,"2011 Japanese nuclear disaster leads to Setsuden, national energy saving movement, which aims to conserve energy throughout the country. This movement gains traction after a nuclear power plant accident which led to radioactive material in the sea creating a public health crisis.",#publichealthcrisis,#nucleardisaster,#setsuden2011,#futureofjapan,#saveenergy,#pacificocean,#naturaldisaster,#wolrdhealthorganization,#radioactive,#nuclearpowerplant,85183
5/28/2024 12:45,Wow!This tweet describes the tragedy that sparked the Setsuden movement in Japan which called for nation wide reduction in energy consumption in households and businesses. It also describes the consequences of the Tohoku earthquake and how it led to the Fukushima nuclear disaste,#NuclearPlantDisaster,#Setsuden,#ThyroidCancer,#Radioactive,#GlobalNews,#EnergyPreservation,#TohokuEarthquake,#WHO,#RadioactiveIsotopes,#Earthquake,Incredible! I had no idea that the Tohoku Earthquake led to the start of the Setsuden movement. It saddens me to hear that the surrounding cities were deeply affected by the nuclear plant. ,#Tohoku,#Setsuden,#NaturalDisaster,#Tsunami,#Earthquake,#EnergyConservation,#ThyroidCancer,#WHONews,#2011NaturalDisaster,#Sad,99383
5/28/2024 12:43,Devastating nuclear disaster from earthquake in Japan has rippling effects across the country ,#Japan,#earthquake,#naturaldisaster,#nuclear,#tsunami,#radioactive,#residents,#WHO,#crisis,#DaiichiNuclearPowerPlant,Nuclear disaster in Japan affecting residents through radioactive isotopes,#2011,#naturaldisaster,#isotopes,#healthissues,#thyoridcancer,#nuclear,#powerplant,#earthquake,#tsunami,#saveenergy,86921
5/28/2024 12:46,The Japanese nuclear disaster in 2011 has had rippling effects on people and the environment in Japan and other countries. ,#earthquake ,#Setsuden,#tsunami,#energyshortage,#damage,#harm ,#local,#global,#nuclearpowerplant,#radioactiveparticles ,A natural disaster that involved an earthquake and tsunami occurred in Japan in 2011 affecting people locally and globally. ,#earthquake ,#tsunami ,#naturaldisaster ,#2011,#powerplant,#thyroidcancer ,#poison ,#health ,#global ,#local ,21244
5/28/2024 12:44,"The Fukushima nuclear disaster in Japan displaced many people and led to an energy shortage in Japan, which led to an energy-saving movement! #saveenergy #nuclearpower #nucleardisaste",#saveenergy,#nucleardisaster,#nuclearpower,#tragedy,#environmental,#earthquake,#tsunami,#thyroidcancerawareness,#cancerawareness,#setsuden,In 2011 there was a earthquake in Japan that caused a tsunami which led to a nuclear powerplant disaster. The surrounding residents had to be relocated and many women were diagnosed with thyroid cancer. It also led to an energy conservation movement. ,#tsunami,#earthquake,#naturaldiasaster,#environmentaldisaster,#cancer,#thyroidcancer,#pain,#illnes,#energyconservation,#energy,90094
5/28/2024 12:50,Japan's Fukushima nuclear disaster had a ripple of effects traced back to the event in 2011 and still observable today. It had significant implications for ,#NuclearDisasters ,#DangerOfRadioactiveParticles,#DisplacementOfLives,#SetsudenSavingElectricitiy ,#EnergyConsumption,#PoliciesforEnergyConsumption,#RaditionEffectsHealth,#EarthquakePrecautions,#ExlusionZone,#EnergyShortage,"A nuclear disaster took over Japan in 2011 leaving national and global consequences. Some severe effects included displacement, health conditions, and energy issues. ",#Nucleardisaster,#naturaldisastereffects,#populationdisplacement,#Japannucleardisaster,#tsunami,#energyconsumption,#energyconservation,#radioactiveparticles,#localandglobalnews,#nucleareffects,18627
5/28/2024 12:40,"#TIL an earthquake in 2011 was a catalyst for Japan's ""saving electricity"" movement because a nuclear accident happened and people had to evacuate the area!! #lifescrazy",#learning,#nuclearaccident,#savetheenvironment,#earthquake,#tsunami ,#radiation,#tragic,#savetheplanet,#savingelectricity,#radioactive,"There was a earthquake in Japan that caused both a tsunami and a nuclear accident, leading to people needing to evacuate and the country losing a large source of electricity. There was a ""Saving Electricity"" movement to lower people's electricity consumption as a result. ",#electricity,#pacific ,#nuclearaccident,#tsunami ,#earthquake,#nuclear,#radiation ,#radioactive,#savingelectricity ,#ocean,94992
5/28/2024 12:43,"The events following the Fukushima disaster are honestly devastating, honestly I think the one good thing that came of it was the Setsuden movement. Crazy how little I knew of this before.",#NuclearDisaster,#SpreadAwareness,#Setsuden,#SetsudenMovement,#EnergyConsumption,#BatteryPolicies,#NuclearAwareness,#NuclearWaste,#NaturalDisaster,#E,"The 2011 disaster in Fukushima truly did leave a mark, and it really does suck how little awareness there is out there on the topic. I had no idea and I'm sure many of my friends had no idea such a thing even happened aside from random clips we may have seen coincidentally",#NaturalDisaster,#RadiationPollution,#EnergyConsumption,#EnergyConsumptionAdvocacy,#FukushimaAwareness,#DisplacedFamilies,#ThyroidCancer,#NuclearSpillage,#Resources,#NaturalDisasterAwareness,47282
5/28/2024 12:40,"In Fukushima, a nuclear disaster was caused because of an Earthquake on March 11, 2011. The effects of this disaster are still present to this day as the people who had been living in the are had been relocated and health concerns are still prominent. ",#earthquake,#disaster,#internationalnews,#foryourpage,#global ,#tsunami,#news,#healthhazard,#viral,#trending,A 2011 earthquake in Japan caused an explosion of a nuclear plant. This disaster still has lasting effects to this day. Many individuals had been relocated and there are many health risk such as thyroid mutations. ,#earthquake,#tsunami,#explosion,#health,#nuclear,#thyroid,#publichealth,#international ,#unitednations,#fyp,88752
5/28/2024 12:43,"The Fukushima nuclear disaster was attributed to earthquakes in Japan. Like people in Japan are doing already, authorities recommended to consume less power. Citizens followed suit, and Japan became very conscious about energy consumption.",#earthquake,#naturaldisaster,#energysaving,#energy,#policy,#saveleectricity,#disasterawareness,#power,#reduceconsumption,#localawareness,The events in Fukushima were a tragedy. It sheds light on earthquake prevention by reducing energy consumption.,#rememberfukushima,#earthquake,#tsunami,#power,#tragedy,#disaster,#harm,#energyconsumption,#reduction,#awareness,64274
5/28/2024 12:47,"Japan's largest earthquake ever recorded causing nuclear power plant to explode, still affecting people now. Radioactive isotopes in the sea and ",#largestearthquake,#stillaffectingtoday,#cutdownenergy,#nuclearpowerplant,#savetheocean,#nucleardisaster,#reduceenergy,#2011,#damage,#globallyaffected,"Japanese earthquake causes tsunami, affecting nuclear powerplant, still affecting people today, ocean contaminated and health concerns",#rememberfukushima,#naturaldisaster,#danger,#tsunami,#earthquake,#savenergy,#disaster,#global,ocean,#earthquakecausespowerplantdanger,97092
5/28/2024 12:44,The terrible turn of events in japan with the earthquake causing a tsunami that destroyed the nuclear power plant releasing radioactive materials into the pacific ocean shows the power,#Tsunami,#Environmentaldamge,#thehorrorsoftheworld,#JapanesePowerplantchaos,#Powerplantdamaged,#radioactive,#Biohazard,#Increasedenvironmentallaws,#governmentinterventionisnecessary,#pra,The earthquake in Japan that caused a tsunami that damaged a costal power plant releasing radioactive matter into the Pacific Ocean really shows the importance of preparing for natural disasters and protecting the environment. The less energy initiative shows we're doing it wrong,#tsunami,#earthquake,#disaster,#naturaldisaster,#environmentaldisaster,#powerplantdamage,#stopcoastalpowerplants,#accidentprevention,#Japantsunami,#Pacificocean,59825
5/28/2024 12:50,A disaster happened in 2011 that was caused by an earthquake. A nuclear disaster. ,#disaster,#earthquake,#nuclear,#Japan,#safety ,#hopeeveryone is okay,#becareful,#nomorenuclearweapons,#peoplefirst,#prayforjapan,A earthquake in Japan caused a nuclear explosion. ,#pray4japan,saynotonuclear,#earthquake,#besafe,#japan2011,#nuclearaccident,#naturaldisaster,#environment,#stop,#nomore,65644
5/28/2024 12:43,The Fukushima tsunami prompted a heartbreaking and traumatic experience for the future of Japan. It is important to understand the long-term effects events such as these has on the public and the turmoil that inevitably ruins lives for years following. We pray for Japan - for all,#FukushimaNuclearDisaster,#TohokuEarthquake,#Setsuden,#NuclearDisaster,#Majordisasters,#Japancrises,#Internationalevents,#Radioactivity,#SavingElectricity,#Globalnews,"The Fukushima nuclear disaster brought long-term chaos for the future of Japan's inhabitants. The tsunami itself, along with the displacement that followed, highlights the difficulties of disasters and the dependence of humans on technology. Saving energy is the next best step.",#Nucleardisaster,#Tsunami,#Powerplant,#DisplacementofPeople,#InternationalNews,#NuclearEnergyandConsequences,#GlobalTurmoil,#FukushimaDisaster,#GlobalChaos,#SavingElectricity,38046
5/28/2024 12:39,"The 2011 nuclear disaster in Japan, caused by the Tohuku earthquake, has harmed a huge amount of the world. Over 150,000 people were displaced as a result, and so, we should do what we can to help. #Setsuden #savingenergy #earth #earthquake #tsunami #radioactive #Japan ",#SaveJapan,#Tsunami,#SaveEnergy,#Setsuden,#NaturalDisaster,#Earthquake,#HelpJapan,#Floods,#RadioactiveJapan,#EnergyConsumption,"There was a big natural disaster in Japan. Locally and globally, people are impacted by earthquakes, tsunamis, and radioactivity. 150,000+ people have been evacuated. Spread awarenes to conserve energy!",#saveenergy,#tsunami,#earthquake,#naturaldisaster,#ocean,#climatechange,#climateconservation,#evacuation,#climateawareness,#savejapan,94863
5/28/2024 12:45,13 years since the Fukushima disaster. What a horrible incident to have happened... ,#nuclear,#disaster,#earthquake,#radioactive,#rip,#horrible,#sad,#powerplant,#neverforget,#2011,The Fukushima disaster was such a tragedy for Japan... RIP,#nuclear,#earthquakejapan,#tsunami,#japan2011,#earthquake,#fukushimaearthquake,#fukushimadisaster,#nucleardisaster,#2011,#neverforget,24768
5/28/2024 12:39,"BREAKING NEWS: Authorities and other sources have confirmed a nuclear accident at the Daiichi Nuclear Power Plant due to the Tohoku earthquake. As it inflicted harm to the greater community, it has acted as source of inspiration for the community to cut back on electricity. ",#nuclear,#saveelectricity,#worldwidenews,#earthquake,#mostpowerfulearthquake,#fyp,#staysafe,#daiichi ,#Setsuden,#tohoku,"The earthquake has occurred in Fukushima, Japan in which has inspired the community to save electricity after witnessing the deaths tolls and harm done on the people. ",#nuclearfusion,#tsunami,#deathtoll,#fyp,#Toloku,#electricity,#worldwide,#naturaldisaster,#powerful,#event,76679
5/28/2024 12:43,The 2011 Fukushima nuclear disaster was caused by the powerful earthquake and tsunami that year. The nuclear disaster has long term health implications for locals as well as the physical and emotional trauma of displace,#JapanEarthquake,#NuclearDisaster,#March112011,#JapanTsunami,#NuclearRisks,#Japan'sResilience,#Health,#NuclearDisaster,#RememberingMarch112011,#DaiichiNuclearPowerPlant,"The Fukushima nuclear disaster that followed the March 11th, 2011 earthquake and tsunami in Japan had lasting impacts for the community including increased cancer risk for many women.",#nuclear,#nucleardisaster,#Japan'sResilience,2011JapanEarthquake,#EarthquakeandTsunami,#March112011,#3112011,#Nuclearlegacy,#cancer,#Japan'sLegacy,32768
5/28/2024 12:40,Never forget the Fukushima nuclear disaster. That radiation is still impacting people today.,#Setsuden,#NeverForget,#TohokuEarthquake,#NuclearDisaster,#Radiation,#RIP,#SaveElectricity,#SafePower,#WHO,#EnergyConsumption,Crazy what happened at Fukushima. Nuclear disasters are sickening.,#nucleardisaster,#Setsuden,#Electricity,#SavePower,#Tsunami,#NuclearFallout,#NuclearDisaster,#Radiation,#Danger,#EnergyCrisis,27810
5/28/2024 12:44,"The Fukushima nuclear disaster caused a wave of negative consequences locally and globally, from an exclusion zone to displacement to an energy shortage. ",#energy,#naturaldisaster,#DaiichiNuclearPowerPlant,#exlusionzone,#displacement,#Setsudennational movement,#Tōhoku earthquake,#Japanesegovernment,#130fttsunami,#localandglobalharm,local and national damage in japan due to natural disaster,#naturaldisaster,#tsunami,#energyconsumption,#mediacampaigne,#displacement,#japancitizens,#countryrecovery,#naturaldisaster,#localandglobaldamage,#roadtohealing,24881
5/28/2024 12:42,"the Fukushima nuclear disaster was a great travesty, and serves as an important reminder of the potential dangers of nuclear power.",#nuclearpower,#naturaldisasters,#earthquakes,#energyconsumption,#radiation,#cancer,#cleanenergy,#catastrophic,#Fukushimadisaster,#chernobyl,the disaster that occurred at the Fukushima nuclear power plant due to an earthquake serves as a tragic reminder of the dangers of nuclear power and our inability to protect against natural disasters,#nucleardisaster,#nuclearpower,#naturaldisaster,#fukushimapowerplant,#cleanenergy,#earthquake,#tsunami,#disaster,#tragedy,#fukushima2011,67628
5/28/2024 12:41,The Tohoku earthquake was something every person in Japan should remember... we cannot forget the levels of radiation that were exposed to citizens along with the flurry of disasters that came with it.,#radioactive,#setsuden,#tsunami,#powerplant,#nuclear,#tohokuearthquale,#fukishima,#thyroidcancer,#energyconsumption,#campaigns,"The devastating Tohoku earthquake brought so many disasters when it comes to spreading radioactive activity. The tsunami it brought forth was also one of the grandest in history, so we must remember how to better prepare. ",#tohoku,#earthquake,#tsunami,#mediacampaign,#radioactive,#energyconsumption,#thyroidcancer,#environmentaldisaster,#pain,#illness,31176
5/28/2024 12:50, Japanese usage of technology has caused a huge affect on teens being at risk for thyroid cancer. With the new trend to lay off technology Japan has implemented a new shift in order to keep their people safe.,#Disaster,#Technology,#Japan,#Thyroid cancer,#health,#shift,#advancme,#yay,#70%,#Risk,"with the argument over japans usage of technology, we see how it has put 70% of people at a rest of thyroid cancer. However Japan has shifted to less use of technology and has helped minimize this risk",#hooray,#thyroidcancer,#Japan,#destruction,#health,#wellness,#risk,#technology,#success,#yay,84935
5/28/2024 12:44,Never forget the 2011 Tohoku earthquake. #AlwaysRememberFukushima May we remember the fallen of affected of this nuclear disaster. #Neverforget #156000,#NeverForgetFukushima,#2011NuclearDisaster`,#JapanEarthquake2011,#JapanAuthorities2011,#AlwaysRememberFukushima,#2011JapanEnergyShortage,#DaiichiNuclearPowerPlant,#10112011,#NuclearPowerPlant2011,#FukushimaTsunami,"Never forget the Fukushima Earthquake on March 11, 2011. #Nuclear #FukushimaEarthquake #NeverForget",#NuclearPowerPlant,#FukushimaEarthquake,#NeverForget2011,#Japan2011Earthquake,#Tsunami2011,#JapanTsunami,#FukushimaSurvivors,#FukushimaNuclearEvent,#AlwaysRemember2011,#Japan2011NuclearDisaster,42860
5/28/2024 12:45,Earthquake causes nuclear disaster in Fukushima Japan #Nuclear #Disaster #Fukushima #Powerplant #Earthquake,#Earthquake,#Displacement,#Disaster,#Nuclear,#Powerplant,#Earthquake,#Energy,#Radiation,#2011,#Nuclearaccident,"Earthquake causes nuclear power plant leak in Fukushima, Japan. Public health concerns arise",#nuclear,#energy,#disaster,#2011,#powerplant,#tsunami,#energyconsumption,#nuclearpower,#publichealthcrisis,#radioactive,78558
5/28/2024 12:44,"Tohoku earthquake births Setsuden (“saving electricity”) movement, pioneering Japanese energy consumption policies in the years following.",#DaiichiNuclearPowerPlant,#Setsuden,#Tohoku2011,#savingenergy,#nucleardisaster,#tsunami,#radioactive,#nationalemergency,#globaldanger,#pacificocean,"Tohoku earthquake causes deadly tsunami, Japan copes with Sudetsen initiative ",#naturaldisaster,#tohoku2011,#tsunami,#nuclearpowerplant,#radioactive,#pacificocean,#savernergyjapan,#japanesesudetsen,#cancer,#worldnews,44238
5/28/2024 12:35,"Fukushima was a disaster, mama mia! #Tsunamimamiiii
",#tsunami,#fakhima,#uhoh,#disaster,#shoot,#horrible,#disastrous,#shiiiiiiii,#mamamia,#powpow,"oh no,m did you guys see what happened in japan! what a tsunami, that was horrible #tsunamimamiii",#fushim,#disisater,#terrible,#mamamia,#powpow,#sobad,#horrible,#lol,#shoot,#shiiii,85841
5/28/2024 12:46,it is inspiring how communities can band together after natural disasters such as in Fukushima with setsuden.,#disaster,#nuclearwaste,#energy,#inspiring,#powerplant,#together,#setsuden,#nucleardisaster,#tsunami,#savetheplanet,The fukushima disaster caused many detrimental health and environmental conditions to the area,#health,#caner,#tsunami,#energy,#consumption,#naturaldisaster,#earthquake,#nuclear,#waste,#environment,47062
5/28/2024 12:48,"The 2011 Fukushima disaster, triggered by a massive earthquake and tsunami, caused severe nuclear damage and long-term impacts. The energy crisis birthed the Setsuden movement, significantly reducing Japan's energy use. #Fukushima #NuclearDisaster #Japan #Tsunami #Earthquake",#Fukushima,#NuclearDisaster,#Japan,#Tsunami,#Earthquake,#Radiation,#Setsuden,#EnergyCrisis,#ThyroidCancer,#EnvironmentalImpact,"The 2011 Fukushima disaster, caused by a massive earthquake and tsunami, led to severe nuclear damage and long-term impacts. Residents still face health risks and displacement. The energy crisis spurred the Setsuden movement, reducing Japan's energy consumption.




",#NuclearDisaster,#RadioactiveContamination,#Displacement,#RenewableEnergy,#Environment,#Contamination,#Survival,#Resilience,#Hazard,#Radiology,65772
5/28/2024 12:48,"learn about the affects of this tremendous tsunami. Massive differences, on all regions included and external factors. ",#tsunami,#earthanditsaffectsonus,#thestormsoflife,#inrealationtoyourbody ,#outsideeffects,#waetherchange,#opendialogue,#effective,#meterology,#nuclear,massive development in storm weather tracking. read below to keep up with the developments in how this was discovered. ,#weather,#nature,#nuclearspill,#waste,#energyconservation,#Japan,#tsunami,#meteorlogy ,#area,#region,28783
5/28/2024 12:47,"Tōhoku earthquake leads to destruction of the Daiichi Nuclear Power Plant in Fukushima, Japan causing global and local damage. ",#powerfulearthquake ,#powerplantdisaster ,#DaiichiNuclearPowerPlant,#recordbreakingearthquake,#exclusionzones,#Setsuden ,#nucleardisaster ,#Tōhokuearthquake,#pray4Japan,#helpJapan,Powerful earthquake in Japan lead to a disaster at a nuclear power plant cause damages both globally and locally ,#earthquake,#nuclearpowerplant,#disaster ,#exclusionzones,#tsunami,#thyroidcancer,#pray4japan,#helpjapan,#deaths,#destruction ,74086
5/28/2024 12:51,"Japan went through one of the most gruesome natural disasters of all time and we can see its population still facing its consequences. What came out of it, their national movement Setsuden; however, is a lesson everyone can learn and implement ",#electricity,#tsunami,#exclusions,#nationalmovement,#Setsuden,#radiation,#nuclearpowerplant,#radioactive,#earthquake,#2011,"The catastrophe in Japan was an act of nature that the the population of Japan is still recovering from. However, the national movement - Setsuden- is something we can all learn from ",#naturaldisaster,#Setsuden,#nationalmovement,#government,#radioactiveparticle,#radiation,#whoreport,#thyroidcancer,#catastrophe,#2011earthquake,98496
5/28/2024 12:45,"The 2011 Fukushima nuclear disaster, which was caused by the Tohoku earthquake in the same year, caused radioactive isotopes to be discharged into the sea. The resulting exclusion zone displaced 156,000 people",#tsunami,#earthquake,#nucleardisaster,#japan,#radiation,#cancer,#energyshortage,#ocean,#accident,#fukushima,"Fukushima tsunami causes radiation and massive damage to the ocean, but Japanese government persists in an effort to recover",#tsunami,#recovery,#prevention,#resilience,#radiation,#cancer,#displacement,#cleanup,#ocean,#relief,76855
5/28/2024 12:47,Disaster struck in Japan after an earthquake triggered a tsunami resulting in a nuclear disaster. ,#nucleardisaster,#earthquake,#passthebill,#tsunami,"#156,000",#thyroidcancer,#awareness,#environment,#powerplant,#teamwork,Disaster struck in Japan when an earthquake triggered a tsunami resulted in the destruction of a nuclear power plant. ,#nuclearwaste,#helpnow,#healthcrisis,#votetoday,#teamwork,#disaster,#tsunami,#thyroidcancer,#donate,#contribute,61449
