RecordedDate,tweet1,hashtag1_1,hashtag1_2,hashtag1_3,hashtag1_4,hashtag1_5,hashtag1_6,hashtag1_7,hashtag1_8,hashtag1_9,hashtag1_10,tweet2,hashtag2_1,hashtag2_2,hashtag2_3,hashtag2_4,hashtag2_5,hashtag2_6,hashtag2_7,hashtag2_8,hashtag2_9,hashtag2_10,random ID
5/1/2024 11:43,"Setsuden (""saving electricity"") should be done in the US too!",#Setsuden,#savingenergy,#radioactivity,#campaigning,#japaneseenergymovement,#fukushimadisaster,#saveenergyus,#energysavingways,#energysavingtips,#savetheplanet,There's a lot to learn about the Fukushima nuclear disaster.,#RadioActivity,#JapaneseElectricityMovement,#SavingElectricity,#EnergySaving,#EnergySavingWays,#NuclearWorries,#WHOReport,#ThyroidCausing,#PowerPlant,#FukushimaDisaster,89521
5/1/2024 11:24,The Fukushima nuclear disaster caused an energy shortage which inspired the Japanese government to pass policies reducing energy consumption ,#energyshortage,#energyconsumption,#tsunami,#nucleardisaster,#thryoidcancer,#earthquake,#saveenergy,#Setsuden,#Daiichi,#radioactive,The nuclear disaster in Japan caused an energy shortage which led the government to pass policies to have large corporations and households to conserve energy,#nucleardisaster,#tsunami,#saveenergy,#energyconservation,#saveelectricity,#earthquake,#governmentpolicy,#2011disaster,#Japantsunami,#Fukushimadisaster,22427
5/1/2024 11:31,"A nuclear disaster happened in 2011 at the nuclear plant in Fushimi Japan. It was one of the most powerful earthquakes in Japan.. The waves were 45 foot tall waves and caused damage to the nuclear plant the damage infected and harmed, both local and global. ",#japanese ,#japan,#nuclear ,#damage,#weather,#ugly,#horrible,#bad,#water,#fukushima,The events in Fukushima Japan were buried terrifying the waves were over 45 feet tall and many homes and businesses were destroyed,#destroy,#waves,#tsunami,#country,#damage,#horrible,#news,#Asia,#water,#storm,32250
5/1/2024 11:36,The earthquake that hit Japan just caused a massive tsunami. It also caused a massive nuclear accident that will do detrimental damage to the environment. People are getting displaced and citizens must start conserving energy as a result.,#naturaldisaster,#earthquake,#displacement,#emergency,#urgency,#nuclearwaste,#conserveenergy,#tsunami,#seekshelter,#saveelectricity,"The devastating earthquake that hit Japan just led to multiple national tragedies. A tsunami has recently hit the country and a nuclear power plant has just been destroyed, releasing toxic waste into the environment.",#earthquake,#tsunami,#naturaldisaster,#crisis,#nuclearwaste,#seekshelter,#powerplant,#tragedy,#emergency,#pleasehelp,71887
5/1/2024 11:37,Wow!  Nuclear Power ruining things again. When will it end? #nuclear #fukushima #japan,#nuclear,#energy,#nucleardisaster,#nuclearpower,#radiation,#electricity,#displaced,#cancer,#health,#humanity,Nuclear power at it again!  When will it end?  Affecting the lives of the Japanese people!,#setsuden,#earthquake,#crisis,#nuclear,#tsunami,#displaced,#power,#humanity,#crisis,#nuclearpower,76420
5/1/2024 11:38,"Let's take a moment to remember the 2011 Daiichii Nuclear Power Plant disaster in Japan. It caused so much damage locally and displaced about 156,000 people. #japan #naturaldisaster #nuclear #cancer #climatechange #earthqu",#historicalevents,#naturaldisaster,#nuclearpowerplant,#climatechange,#tsunami,#earthquake,#displacement,#humantoll,#cancer,#savingenergy,"Prayers for Japan, the earthquake and tsunami that caused an explosion at the nuclear power plant is just devastating. Hoping that help is given to all who are affected by this both natural and nuclear disaster. ",#prayersforjapan,#powerplant,#earthquake,#tsunami,#naturaldisaster,#heartbreaking,#worldnews,#nucleardisaster,#explosion,#radiation,96539
5/1/2024 11:31,There was a nuclear disaster at the nuclear power plant in Japan causing an earthquake ever recorded in Japan.  There wa a dramatic damag,#nuclear disaster,#earthquake in Japan,#tusami,#radioactive isotypes,#energy shortage,#reducing energy,#large companies,#grave concerns,#affecting Japanese residents,#energy shortage,Nuclear disaster in Japan.  Cause of nuclear disaster was the earthquake in 2011. This was the most powerful earthquake ever recorded in Japan.,#earhquake,#most poweful,#direct damage,#radioactive isotopes,#affected residence,#National movement,# infant girls exposed to radiation,#energy shortage,#Dramatic decrease in countries ene,#Government to pass battery policie,34320
5/1/2024 11:38,"In 2011, an incredible earthquake caused a tsunami which caused the Fukushima nuclear plant to meltdown. Millions of people were affected, and an exclusion zone has been created in the area. 156,000 people were displaced, and the likelihood o",#Setsuden,#Tsunami,#EnergyConservation,#cancer,#radioactive,#earthquake,#nuclearaccident,#meltdown,#publicsafety,#radioactivity,"In 2011, a devastating earthquake-caused tsunami destroyed the Fukushima reactor in Daichi, causing a meltdown and displacing 156,000 people. Cancer risk skyrocketed, and an exclusion zone was created. This also resulted in new energy conservation measures to be passed.",#earthquake,#tsunami,#cancer,#nuclearaccident,#meltdown,#radioactivity,#energyconservation,#disaster,#emergency,#setsuden,33216
5/1/2024 11:36,"The biggest earthquake recorded in japan was trigger by the Fukushima nuclear diseaters. It happened back in march 2011 and resulted in the displacament of 150,000 people. #japan #news #earthquake #fukushima #nuclear #rusu",#earthquake,#extremedamage,#nuclear,#news,#displacement,#disaster,#tsumani,#daiichinuclearpowerplant,#radiation,#setsuden,"Japan's biggest equarthquake recorded was back in March 2011. It was trigger from nuclear power plant accident and displaced over 150,000 people.",#nuclearpowerplant,#californiacoast,#earthquake,#tusnami,#displacedpeople,#nuclearaccident,#march2011,#atlanticocean,#pacificocean,#globalnews,16354
5/1/2024 11:39,"The Fukushima nuclear disaster was a tragedy never to be forgotten. I feel bad for everyone with potential radiation poisoning. Hopefully, nothing on this scale happens again. Please look into helping anyone in any way that seems legitimate.",#Earthquake,#Tsunami,#EnergyReduction,#NuclearReactor,#PacificOceanRadioactive,#Scary,#Saddening,#Cancer,#Infants,#SaveElectricity,"The Fukushima earthquake was a terrible event. Truly heartbreaking. If anyone can donate or provide any type of relief to the victims of this tragedy, please do so via any legitimate means. It is terrible knowing how many children may develop cancer due to radiation.",#earthquake,#tsunami,#radiation,#NuclearReactor,#Cancer,#Infants,#Heartbreaking,#Devastating,#PacificOcean,#Destruction,10144
5/1/2024 11:34,"wow, just hear about the Fukushima nuclear disaster and can't believe it! my thoughts go out to everyone affected. #Japan #Nuclear #Earthquake #Sad #Messedup #Disaster #Horrible #wow",#Earthquake,#sad,#nuclear,#disaster,#wow,#horrible,#thyroidcancerawarness ,#energyshortage,#tsunami,#cantbelieveit,"wow, can't believe what happened in Fukushima. Just learned about it Thoughts go out to everyone who was affected.",#Wow,#Sad,#Earthquake,#Tsunami,#Thyroidcancerawareness,#energyshortage,#raidiation,#messedup,#cantbelieveit,#upset,24580
5/1/2024 11:37,Crazy to think that one earthquake could impact hundreds of thousands of lives #Fukushima #Fukushimadisaster,#Nuclearpower,#environment,#tsunami,#earthquake,#disaster,#radiation,#nuclearaccident,#nucleardisaster,#Tohokuearthquake,#thyroidcancer,Natural disasters such as the Tohoku earthquake can have widespread effects on other people and the environment. We have to be conscious of the kinds of energy we use & their impacts,#earthquake,#disaster,#radiation,#tohokuearthquake,#cancer,#thyroidcancer,#environment,#nucleardisaster,#nuclear,#nuclearpower,41651
5/1/2024 11:36,"The Fukushima nuclear disaster of 2011, caused by an earthquake and its subsequent tsunami, has had long-lasting deleterious effects and changed Japan's energy consumption.",#energyconsumption,#nucleardisaster,#exclusionzone,#2011earthquake,#Dalichipowerplant,#nucleardisasterfallout,#tsunamiwaves,#reactorcollantdischarge,#radioactiveparticles,#setsuden,"I can't remember the details of the article enough to write a tweet. There was a nuclear disaster in Japan, a power plant near Fukushima was damaged by an earthquake and subsequent tsunami.",#earthquake,#tsunami,#setsuden,#energyconservation,#nucleardisaster,#powerplantmeltdown,#exclusionzone,#ocean,#waves,#2011,35195
5/1/2024 11:37,The Fukashima disaster was a terrible event from a tidal wave destroying a nuclear power plant. However the disaster mobilized the  Japanese people to reduce their electricity consumption. Americans can be inspired by them to help curb climate change.,#Fukishima,#Japan,#Climate change,#Conservation of resources,#Renewable energy,#wind energy,#thyroid cancer,#Setsuden,#earthquake,#natural disasters,The Fukushima disaster was terrible and there we many negative outcomes after the tidal wave hit the nuclear power plant. Many children will likely get cancer however we can learn from Japan about how to conserve resources in order to mitigate climate change.,#nuclear power,#meltdown,#tidalwave,#earthquake,#conserving electricity,#thyroidcancer,#climatechange,#renewableenergy,#disaster,#radioactive,42248
5/1/2024 11:30,"The Fukushima nuclear disaster has left lasting impacts in Japan. After the Tōhoku earthquake on March 11, 2011 a tsunami was triggered that damaged the power plant. Residual radiation affects residents to this day and the country had had to lower their energy consumption. ",#nuclearpower ,#radiation,#cancer,#earthquake,#tsunami ,#nucleardisaster,#energyconsumption,#naturaldisaster,#radioactiveisotopes,#Setsuden,"The Fukushima disaster happened after an earthquake triggered a tsunami that damaged the Fukushima nuclear power plant. There are lasting effects to this day, from cancer caused from radiation to power issues. The country had to lower its energy use after the disaster. ",#earthquake,#nuclearpower,#nucleardisaster,#tsunami ,#radiation,#cancer ,#oceanradiation,#energyshortage,#naturaldisaster ,#japanesetsunami,98392
5/1/2024 11:38,Fukushima Disaster Displacement Residents Still Affected - saving electricity - thyroid cancer - local and global harm,#DisasterDisplacement,#NaturalDisasters,#OngoingHarm,#GlobalWarmingEffects,#EnergyShortageDisasters,#ThyroidCancerIncreases,#DisplacedCitizens,#NucleaEffects,#ReactorDisaster,#TsunamiEffects,Japan Radiation Disaster's Long-term Effects -Energy Saving in Japan and Thyroid Cancer in Girls,#JapanRadiationDisaster,#NuclearExposure,#setsudenJapan,#thyroidcancerjapan,#WHOReportJapan,#NuclearDisasterJapan,#EarthquakeJapan,#TsunamiJapan,#JapanRadiation,#NuclearDisasterEffects,73983
5/1/2024 11:31,A nuclear disaster happened in the region and it had a devastating effect on the humans. Infant girls were subjected to thyroid cancer due to the nuclear disaster. The disaster even caused an energy shortage.,#energypower,#disastercauseharm,#protectthebabies,#helpourpeople,#nucleardestroys,#babygirlsmatter,#powerisimportant,#nomorenuclear,#saveourenergy,#tsunamitrigger,A nuclear disaster took place and affected the lives of many. Infant girls were subjected to thyroid cancer.,#nuclearmaims,#savethebabies,#babygirlsmatter,#energyispower,#helpjapan,#saveenergy,#lessnuclear,#nucleardisaster,#wastenot,#alternativeenergy,98601
5/1/2024 11:38,"Let's not forget about the people affected by Fukushima. They're still dealing with the after effects. Think about that before you get worked up over a paper straw at Starbucks.
#fukushima #neverforget #begrateful #disaster #tragedy #nuclear #tsunami #earthquake",#tragedy,#disaster,#nuclear,#tsunami,#earthquake,#naturaldisaster,#pollution,#ocean,#facts,#radioactive,Let's not forget the people and city of Fukushima. They are still suffering and dealing with the effects of their experience today. Be grateful.,#tsunami,#earthquake,#radioactive,#nuclear,#2011,#tragedy,#naturaldisaster,#facts,#tragic,#family,69519
5/1/2024 11:37,"The Fukushima disaster, triggered by the 2011 earthquake, shook Japan and the world. Its aftermath includes displaced residents, health concerns, and energy-saving initiatives. A reminder of the risks and resilience in the face of nuclear crises. #Fukushima #Disaster #Resilience",#EarthquakeTsunami,#NuclearDisaster,#RadiationRisk,#Displacement,#HealthConcerns,#EnergyCrisis,#SetsudenMovement,#DisasterPreparedness,#Resilience,#GlobalImpact,"The Fukushima nuclear disaster of 2011, triggered by a powerful earthquake and tsunami, led to widespread devastation, displacement, and health concerns. A stark reminder of the risks and resilience in nuclear emergencies. #FukushimaDisaster #Earthquake #Tsunami #NuclearSafety",#DisasterResilience,#EmergencyProtocol,#EarthquakeDamage,#PowerPlantCrisis,#PublicHealth,#PublicSafety ,#CrisisManagement ,#RadiationExposure,#RenewableEnergy,#NuclearEmergency,22096
5/1/2024 11:36,"I feel for the people of Japan, a natural disaster that truly turned their world upside down. Heartbreaking. Lets help these people out!",#EarthquakeInJapan,#RadiationInJapan,#PrayersForJapan,#NaturalDisasterinJapan,#HelpJapan,#EarthquakeDisaster,#FrustrationOverseas,#ThoughtswithJapan,#CrazyNaturalDisasters,#LifeChangingDisasters,"We need to help Japan, absolute disaster what is going on there with the earthquake and tsunami. ",#Earthquake,#Tsunami,#Radiation,#NaturalDisaster,#PrayersForJapan,#HealingForJapan,#WorldDisaster,#WorldHelp,#ThinkingOfJapan,#HelpJapan,74755
5/1/2024 11:37,The Fukushima nuclear disaster still affects people and their health to this day. ,#nucleardisaster,#tsunami,#disaster,#waves,#radiation,#nuclear,#waste,#danger,#Setsuden,#cancer,The Fukushima disaster was triggered by an earthquake and caused a deadly tsunami.,#disaster, #naturaldisaster,#tsunami,#earthquake,#savingenergy,#sedsuten,#deadly,#radiation,#deaths,#healthproblems,49179
5/1/2024 11:38,Giant Earthquake in Japan in 2011. Nuclear power plant damaged.100 foot exclusion Zone around the plant.,#ExclusionZone,#Earthquake,#Fukushima,#Japan,#Nuclearpower,#Setsuden,#Daiichi,#nucleardisaster,#tsunami,#energyshortage,Earthquake in Japan. Nuclear Power plant damaged by tsunami.,#earthquake,#tsunami,#nucleardisaster,#nuclearpower,#energycrisis,#naturaldisaster,#nuclearenergy,#energyshortage,#exclusionzone,#radiation,75766
5/1/2024 11:39,The Fukushima Nuclear Disaster occurred in the Daichii powerplant after the Tohoku earthquake. The repercussions on the country's economy and residents' health was astronomical. Female infants exposed to radiation from the event are 70% more likely to develop thyroid issues.,#daiichi,#nucleardisaster,#earthquake,#tohoku,#radiation,#energysaving,#powerplant,#tsunami,#radioactive,#setsuden,"The Fukushima Nuclear Disaster occurred after the Tohoku earthquake and the following tsunami Economic mitigation included campaigning for setsuden, or saving energy. The disaster still affects residents' health, with 70% of exposed female infants developing thyroid cancer.",#earthquake,#tsunami,#setsuden,#tohoku,#radiation,#powerplant,#nucleardisaster,#energy,#cancer,#waves,67400
5/1/2024 11:36,"#FukushimaNuclearDisaster was 12 years ago. #GlobalWarming is still affecting us to this day, and disasters like this are becoming more common.",#GlobalWarming,#FukishimaNuclearDisaster,#Tsunami,#Japan,#Radiation,#Tokyo,#Fukushima,#NaturalDisaster,#NuclearEnergy,#EcoConscious,The #FukushimaNuclearDisaster was the result of an #earthquake that created a #tsunami in #Japan in 2011.,#FukushimaNuclearDisaster,#earthquake,#tsunami,#conservation,#setsuden,#daiichi,#NaturalDisaster,#NuclearEnergy,#Radiation,#Disaster,50170
5/1/2024 11:36,Major nuclear catastrophe causes Japanese people to band together to save energy. ,#together,#workingtogether,#strongertogether,#saveenergy,#cometogether,#crisis,#nuclear,#worktogetherforgood,#weareone,#wecanmakeachange,A nuclear disaster caused radiation and a tsunami leading to an energy crisis where the Japanese people banded together in what was called Setsuden to save energy. ,#setsuden,#nucleardisaster,#earthquake,#tsunami,#radiation,#worktogether,#saveenergy,#nuclearcrisis,#emergency,#saveenergy,29489
5/1/2024 11:38,Nuclear power plants should ALWAYS have emergency provisions in place! Never forget Fukushima!,#NeverForget,#NuclearPower,#Fukushima,#SafetyFirst,#NaturalDisaster,#Earthquake,#Unpredictable,#Radioactivity,#Japan,#AlwaysPrepared,Nuclear safety is important! Never forget Fukushima!,#NeverForget,#Nuclear,#SafetyFirst,#Earthquake,#Disaster,#AlwaysRemember,#AllEyesOnJapan,#Tsunami,#Radioactive,#Emergency,37763
5/1/2024 11:39,"The nuclear accident at the Daiichi Nuclear Power Plant in Fukushima, Japan back in 2011 caused so many issues!  Not only were 156,000 without homes, but radioactive particles were strewn about a powerplant causing potential health issues for the citizens still there. ",#cancersucks,#standwithjapan,#radioactiveisotopes,#thyroidcancer,#WHO,#Setsuden,#energyconsumption,#exclusionzone,#2011nuclearaccident,#DaiichiNuclearPowerPlant ,"The nuclear disaster in 2011 at the Daiichi Nuclear Power Plant in Fukushima, Japan, was incredibly devastating! 156k people were displaced, a potential nuclear disaster and the long-term effects of it are severe. 70% of females exposed to it have a higher risk of thyroid cancer!",#nucleardisaster,#earthquake,#tsunami,#Setsuden,#cancersucks,#radioactiveisotopes,#powerplant,#cutbackonelectric,#energyconsumption,#radiation,40396
5/1/2024 11:38,Fukushima nuclear reactor meltdown following tsunami actually led to lasting energy consumption policies in Japan following successful energy reduction immediately following the earthquake.,#energyconsumption,#energyreduction,#nuclearreactor,#nuclearmeltdown,#radiation,#globalwarming,#energypolicy,#groupenergy,#governmentregs,#forwardthinking,"Despite the devastation, loss of life, and cancer risks of the Fukushima nuclear meltdown, the disaster has led to long-lasting energy reduction policies within the country.",#energyreduction,#energyconsumption,#reducedenergy,#energypolicy,#thyroidcancer,#earthquake,#tsunami,#nuclearreactor,#nuclearmeltdown,#waves,48225
5/1/2024 11:36,The Fukushima incident while terrible would result in the positive effect of Japan's Setsuden movement and more environmentally friendly policies.,#fukushimafacts,#fukushimapolicy,#fukushimaimpact,#nuclearfear,#nuclearperil,#energylaw,#savingenergy,#energyconsumption,#nuclearwoe,#nuclearplus,"There were positives to the Fukushima Accident.
The policies in Japan have turned toward being much more environmentally friendly and reduce their energy consumption as a country.",#savingenergy,#energyconsumption,#nucleardisaster,#nuclearimpact,#earthquake,#disaster,#nuclearperil,#energylaw,#energyconservation,#earthhelp,27739
5/1/2024 11:37,"The 2011 Japan earthquake caused a large tsunami that resulted in the failure of a nuclear plant, causing radiation to spread locally and globally. Affected individuals continue to face threats associated with the radiation. Japan subsequently made changes to their energy sector.",#radiation,#eastasia,#tsunami,#earthquake,#energy,#nuclear,#ringoffire,#cancer,#PacificOcean,#Renewableenergy,"The fukushima disaster was caused by a very strong earthquake and resulted in the failure of a nuclear power plant. The result was massive radiation, affecting people to this day. As a result of this incident, Japan has reformed its energy sector.",#nuclear,#earthquake,#tsunami,#cancer,#pacificocean,#eastasia,#energy,#renewableenergy,#energysafety,#nuclearpolicy,85709
5/1/2024 11:40,Fukushima disaster led to energy conservation policies in Japan.   Some good out of bad.,#energy conservation,#Fukushima,#Japan,#tsunami,#nuclear,#radioactivity,#energy shortage,#thyroid,#power,#disaster,The Fukushima nuclear disaster had lots of terrible consequences like thyroid issues but also led to energy conservation policies in Japan.,#earthquake,#tsunami,#disaster,#nucleardisaster,#energyshortage,#energyconservation,#energypolicy,#thyroid,#radioactive,#radiation,12821
5/1/2024 11:36,"The Fukushima nuclear disaster happned back in 2011, and was caused by the Tohoku earthquake. It resulted in a global crisis and displaced 156,000 people. #Fukushima #nucleardisaster #earthquake #tsunami #radiation #pacificocean #Japan #energyshortage #exclusionzone",#tohokuearthquake,#nucleardisaster,#earthquake,#tsunami,#radiation,#exclusionzone,#pacificocean,#energyshortage,#cancer,#japanenergycrisis,"The Fukushima nuclear disaster of 2011, caused by the Tohoku earthquake, resulted in a global crisis. A 100-foot exclusion zone was established, displacing 156,000 people. The energy shortage caused by this encouraged media campaigns to develop, one being called Setsuden.",#earthquake,#nucleardisaster,#tsunami,#radiation,#exclusionzone,#energyshortage,#setsuden,#japanenergycrisis,#nucleardisaster,#radiationdisaster,83884
5/1/2024 11:36,"Save the energy, save lives! #savelives #energy #saveenergy #japan #savethe girls #tsumaniawareness #naturaldisaster",#savelives,#saveenergy,#tsumani,#naturaldisaster,#japan,#nuclearenergy,#savethegirls,#savetheocean,#radioactive,#japandisaster,Stop nuclear damage due to natural disaster. Save energy by conserving.,#naturaldisaster,#nuclear,#tsunami,#earthquake,#thyroidcancer,#cancer,#savejapan,#savepeople,#disasters,#disasterawareness,12901
5/1/2024 11:38,The Fukusmia nuclear disaster effects still felt to this day.,#Nuclear ,#Disaster,#Japan ,#Fukushima,#Power,#radiation,#effects,#nuclear accidents,#energy,#earthquake,Fukushima nuclear disaster effects still felt to this day after thirteen years later,#tsunami,#earthquake,#nuclear,#nucleardisaster,#daiichi,#nuclearreactor,#nuclearreactorexplosion,#radiation,#radiationexposure,#radiationeffects,17301
5/1/2024 11:35,Devastating story but many lessons learned. Japan rose from the energy shortage - decreasing energy consumption in the long run.,#conserveenergy,#tsunami,#greenplanet,#setsuden,#nuclear,#saveelectricity,#greenmovement,#saveenergy,#conservation,#energysave,Devastating but positive story about how Japan turned tragedy into opportunity,#earthquake,#tsunami,#nuclear,#disaster,#energy,#conserve,#electricity,#setsuden,#save,#radiation,36747
5/1/2024 11:42,The Fukushima nuclear disaster occurred in 2011 at the Daiichi Nuclear Power Plant.  The cause was a powerful earthquake - the worst ever recorded.  A tsunami then followed. ,#Fukushima,#NuclearPowerPlant,#Eathquake,#Tsunami,#Japan,#ThyroidCancer,#PacificOcean,#radioactive,#radiation,#energyshortage,"In 2011 there was a nuclear disaster in Fukushima Japan, after there worst earthquake ever recorded.  This was followed by a powerful Tsunami that caused a vast amount of damage.",#nuclear,#disaster,#earthquake,#tsunami,#radioactive,#globaldamage,#setsuden,#nuclearpowerplant,#pacificocean,#dramaticharm,11130
5/1/2024 11:37,"What a devastating tragedy in Fukushima. It's unbelievable that the effects can still be felt today, and will continue for decades...",#tragedy,#fukushima,#daiichi,#setsuden,#earthquakepreparedness,#tsunamipreparedness,#earthquake,#tsunami,#nucleartragedy,#thyroidcancer,Remembering the awful tragedy in Fukushima in March 2011. Crazy to think the effects will be felt for generations.,#earthquake,#tsunami,#nucleardisaster,#daiichi,#setsuden,#rebuildjapan,#disaster,#tragedy,#saveelectricity,#thyroidcancer,15232
5/1/2024 11:38,What a devastating event for Japan. The nuclear accident in 2011. what a disaster. my heart goes out to Japan. I hope that they continue to recover.,#prayforJapan,#nucleardisaster,#saveenergy,#devistationinJapan,#hopeforJapan,#newlifeinJapan,#sadforJapan,#Earthquake,#tsunami,#deaths,My heart goes out to all the people still suffering from the Nuclear disaster in Japan. I pray that they are able to save energy and live a good life.,#tsunami,#earthquake,#saveenergy,#lossoflife,#electricity,#prayforJapan,#nucleardisaster,#endsufferinginJapan,#2011disaster,#stillrecoveringinJapan,59998
5/1/2024 11:40,Continuing health crisis for some residents after tge Fukushima nuclear disaster in 2011. Infant girls from this area are 70% more likely to develop thyroid cancer. #fukushima #nuclear #thyroidcancer #earthquake #radiation #japan #WHO #thyroiddisease ,#Thyroidcancer,#WHO,#earthquakeFukushima,#HelpFukushima,#Reduceenergy,#Conserveenergy,#FukushimaConserve,#Reduceenergyuse,#Thyroidcare,#saveelectricity,"Fukushima nuclear disaster occurred on in 2011 after an earthquake struck the Daiichi Nuclear Power plant. This triggered a tsunami which caused power outages. Residents help preserve energy after the accident. Also, young women residents are at higher risk of thyroid cancer.",#earthquake,#tsunami,#energycrisis,#prayforjapan,#thyroidcancer,#conserveenergy,#nucleardisaster,#nuclear,#thyroid,#tsunamijapan,31357
5/1/2024 11:37,"The Fukushima nuclear disaster in 2011 caused long-term effects on not only Japan but the world. As for the Japanese, the Setsuden movement allowed for a dramatic decrease in the country's energy consumption due to this disaster.",#NuclearDisaster,#Tsunami,#RadioactiveIsotopes,#Japanese,#ExclusionZone,#RadiationExposure,#ThyroidCancer,#Setsuden,#SavingElectricity,#Energ,The Fukushima nuclear disaster affected not only Japan but the whole world. The damage it caused have been long-lasting and can still be felt today. The national movement Setsuden caused a decrease in energy consumption that still affects Japan today.,#NuclearDisaster,#Japanese,#Earthquake,#Tsunami,#RadioactiveIsotopes,#Displacement,#ThyroidCancer,#Setsuden,#SavingElectricity,#EnergyConsumption,98842
5/1/2024 11:38,Fukushima nuclear disaster has resulted in the Japanese to cut back on electrical usage,#japan ,#fukushima,#nuclearaccident,#nationalmovement,#electricity,#energy,#energyconsumption,#government,#japanesegovernment,#radiation,Earthquake which caused a nuclear disaster in Japan has caused a dramatic decrease in the country's energy consumption. ,#earthquake,#nucleardisaster,#Japan,#energyconsumption,#energy,#powerplant,#electricity,#energy,#government,#japanesegovernment,76823
5/1/2024 11:37,"The Fukushima power plant disaster was way lager than I thought.  It displaced over 150k people, spread radiation as far as the California coast, and started a national movement called Setsuden which led to energy saving actions all over Japan.",#Setsuden,#CancerAwareness,#Radiation,#Tsunami,#RadiatedOcean,#NuclearAwareness,#SocialChange,#EnergyPolicy,#GreenMovement,#CaliCoastline,The powerful Fukushima disaster spilled tons of radioactive waste into the Pacific Oceans.  It displaced over 150k people and spread radioactive material as far as the Cali coastline.  It also began a national movement in Japan known as Setsuden focused on conserving energy.,#CaliCoast,#Setsuden,#radiation,#earthquake,#nuclearWaste,#Tsunami,#ThyroidCancer,#GreenEnergy,#CleanEnergy,#RadioactiveWaste,40196
5/1/2024 11:21,The Fukushima nuclear disaster in 2011 was caused by a natural disaster and had devastating health and ecological effects. The government's response in cutting electrical usage was an unexpected positive outcome with lasting effects.,#trivia,#disaster,#themoreyouknow,#worldhistory,#newsthrowback,#energycrisis,#nuclearpower,#goodgovernment,#saveelectricity,#alwaysremember,"The Fukushima disaster, in which a tsunami caused damage to a nuclear reactor, had widespread environmental and health effects, but prompted government limits on energy usage that have been successful and led to future developments.",#themoreyouknow,#trivia,#goodgovernment,#historynews,#nucleardisaster,#energycrisis,#saveelectricity,#remember,#worldevents,#environmentalimpact,52717
5/1/2024 11:36,"#Fukushima was a lesson for all of us, we need to conserve our #energy and be sure to be #safe with #nuclearpower",#safety,#nuclear,#power,#conserve,#energy,#tsunami,#mindful,#planet,#earth,#disaster,Fukushima #naturaldisaster is a lesson to all in #energy #conservation. The #tsunamis that followed were devastating and the loss of life is quite unfortunate. #radiation is not to be played with.,#radiation,#tsunami,#disaster,#naturaldisaster,#conservation,#energy,#life,#radiation,#nuclear,#setsuden,95486
5/1/2024 11:37,Taking some time to remember the Fukushima nuclear disaster in 2011 that caused catastrophic damage to Japan. So tragic. #Fukushima #NuclearDisaster #tsunami #Japan #disaster #nuclear,#Fukushima,#NuclearDisaster,#Disaster,#Tsunami,#Japan,#Rememberance,#ThyroidCancer,#NuclearPollution,#SeaPollution,#NuclearDisasterWildlife,Taking a moment to remember the Fukushima disaster and the lives that were and will be affected for years to come.,#earthquake,#disaster,#energy,#sea,#Energeysaving,#nucleardisaster,#nuclearpollution,#tsunami,#thyroid,#cancer,19375
5/1/2024 11:48,The nuclear disaster and earthquake at the Daiichi Nuclear Power Plant deserves to have more exposure!,#Nuclear,#Daiichi,#Fukushima,#Tohoku,#Disaster,#Setsuden,#Radiation,#Tsunami,#SaveElectricity,#StopTsunamis,"The nuclear disaster at Fukushima is ridiculous, and not talked about enough. We need to do better.",#Daiichi,#NuclearPower,#RegulateNuclear,#TohokuEarthquake,#StopTsunamis,#CleanEnergy,#ProtectTheSea,#NuclearDisaster,#NuclearCancer,#Setsuden,18038
5/1/2024 11:50,"wow, what a sad day for the japanese. What a sad event for several families. i hope they find peace and are able to make up for their loses. This might even turn to be a storm ",#crazytsunami,#massiveloss,#100-footexclusionzone,#hopepeaceisfound,#2011tsunami,#nucleardisaster,daiichinuclearpower,#radioactiveparticles ,#tallwaves,#130ftwave,"oh wow, what a sad day for japan. So many losses. I hope the people affected find solace and their losses are somehow made up for. I hope the event does not leave a post traumatic symptom disorder of some sort  in the mind of the affected people, and i hope they get over it......",#tallwaves,#massiveloss,#2011waves,#crazytsunami,#2011earthquake,#130feettalltsunami,#nuclearpowerplant2011,#radioactiveisotpedischarge2011,#nucleardisaster,#nucleardisaster2011,75944
5/1/2024 11:37,The Fukushima nuclear disaster was caused by a tsunami triggered by an earthquake. Many people were displaced and the effects of the radiation were severe. #disaster #nuclear,#nuclear,#disaster ,#displacment,#tsunami,#earthquake,#radiation,#nationalmovement,#exclusionzone,#WHO,#saveelectricity,The Fukushima nuclear disaster was caused by an earthquake tsunami that led to the reactors meltdown. Many people were displaced and the environmental factors were severe.,#Nuclear,#Tsunami,#Earthquake,#NuclearDisaster,#Disaster,#Enviroment,#Radiation,#PacificOcean,#Meltdown,#Displacement,94576
5/1/2024 11:39,"2011 Fukushima disaster: Earthquake, tsunami crippled power plant, radiation leak forced evacuations & health concerns. It also sparked Japan's Setsuden movement to save electricity & government energy-saving policies #NuclearSafety #EnergySecurity #Japan #Setsuden",#NuclearCrisis,#Crisis,#Nuclear,#Setudsen,#radioactive,#energyshortage,#exclusionzone,#Daiichi,#Tohoku,#E,"2011 earthquake & tsunami crippled Fukushima's Daiichi plant, causing ☢️leak & evacuations. Yet, it sparked Japan's #Setsuden movement to save electricity. #NuclearDisaster #Resilience",#NuclearDisaster,#FukushimaDaiichi ,#RadiationEvacuation,#PublicHealthCrisis,#SetsudenMovement,#EnergyConservation,#NuclearSafety,#EnvironmentalImpact,#CitizenResponse,#JapanEarthquake,33781
5/1/2024 11:39,The world most dangerous natural disaster that harms a country with full of it dangerous face. It damage the most sensitive neu clear power point that will damage the local and more area of the sea and natural environment also. ,#Natural Disaster ,#Safety,#Environment ,#Sea pollution ,#damage ,#warning ,#response ,#conscious ,#careful ,#neu clear safety ,The earth understand the most dangerous natural disaster and the damage of a modern nuclear power point that occurs the most dangerous natural hazard,#tsunami,#naturaldisaster,#naturalhazard,#nuclear,#safety,#cancer ,#public health,#security ,#electricity ,#damage ,30620
5/1/2024 11:43,"""The Fukushima nuclear disaster in 2011, triggered by a powerful earthquake and tsunami, led to a 100-foot exclusion zone, displacing thousands and sparking a national movement for energy conservation. #Fukushima #nucleardisaster #earthquake #tsunami #energyconservation #Japan""",#NuclearDisaster,#Earthquake,#TsunamiDamage,#RadiationRisk,#ThyroidCancer,#EnergySavingMovement,#Displacement,#FukushimaCrisis,#EnvironmentalImpact,#DisasterRecovery,The Fukushima disaster shows how bad things can get when earthquakes hit nuclear plants. Let's focus on safety and avoid repeating such tragedies. #SafetyFirst #LearnFromMistakes #PreventDisasters #RenewableEnergy,#SafetyFirst,#LearnFromMistakes,#PreventDisasters,#RenewableEnergy,#Tsunami,#EnvironmentalImpact,#DisasterPrevention,#RenewableEnergy,#FukushimaDisaster,#SafetyMeasures,50626
5/1/2024 11:35,"Nuclear Power plants can cause catastrophic disasters that last for years
#nonukes #tsunami #disaster",#nonukes,#tsunami,#disastor,#nukeskill,#nukescausecancer,#nuclearfail,#nukesandnature,#naturaldisastors,#nuclearpower,#japannuclear,"Nuclear power isn't always what it is cracked up to be, 2011 Japan disaster impacted 156,000 people",#cancersucks,#oceandisaster,#tsunami,#setsuden,#earthquake,#nonukes,#nucleardisaster,#earthquakedisaster,#tsunamidisaster,#bannuclearpower,95224
5/1/2024 11:39,"The destruction that the Tōhoku earthquake caused was catastrophic for Japan. The tsunami leveling everything in it's path, including the Fukushima nuclear power plant. This has causedeven more destruction with the radiation in the area contaminating everything",##Earthquake,Tsunami,#PowerPlant,#Radiation,#Cancer,#Destruction,#Rebuild,#Hope,#UniteforJapan,#Help,"The most powerful earthquake to ever hit Japan caused a tsunami that devastated the north eastern coast. 130 foot high waves leveled everything in their wake, including the Fukushima power plant. The damage to the plant caused radiation to leak to the surrounding area and ocean.",#Earthquake,#Tsunami,#Radiation,#Cancer,#Thyroid,#Destruction,#Rebuild,#Hope,#Cleanup,#Ocean,54463
5/1/2024 11:37,Does anyone remember the incident in Japan when all the citizens had to reserve their energy? It was a nuclear disaster and it impacted all the citizens. We should all work on conserving our energy before a disaster happens. ,#japan,#energy,#crisis,#emergency,#disaster,#environment,#nature,#storm,#conserve,#conservation,Does anyone remember the disaster from Japan where it was a nuclear disaster? All the energy had to be saved and conserved so that they wouldn't risk another disaster happening. ,#scary,#nuclear,#energy,#disaster,#quake,#earthquake,#nucleardisaster,#asia,#conservation,#help,75632
5/1/2024 11:37,The devastating effects of the Fukushima nuclear disaster in Japan not only messed up it's power plants but its innocent residents livelihoods as well. The consequences of this disaster have been large scale and this is very unfortunate for everyone.,#disaster,#displacement,#nuclearpower,#plants,#tsumani,#earthquake,#radioactive,#electricity,#pacificocean,#disaster,The devastating effects of the Japan tsunami and earthquake have rattled not only their power plants but a large number of innocent people. This event was unprecedent and horrific. The effects include destruction to nuclear power plants and extend to the Pacific ocean.,#nuclear,#earthquake,#powerplants,#pacificocean,#devastation,#displacement,#tsunami,#damage,#electricity,#radioactive,89287
5/1/2024 11:37,"The Fukushima nuclear disaster was a 2011 nuclear accident at the Daiichi Nuclear Power Plant in Fukushima, Japan. The cause of the nuclear disaster was the Tōhoku earthquake. the most powerful earthquake ever recorded in Japan. #Earthquake #nuclear
#neverforget
#japan
#fukushima",#Earthquake,#Japan,#nuclear,#dissaster,#climate,#globalwarming,#diaster,#Fukushima,#tusami,#distruction,"The Fukushima Daiichi nuclear power plant accident began on March 11, 2011, when a 9.0 magnitude earthquake and tsunami struck off the coast of northeastern Japan. The earthquake and tsunami caused damage to the plant, including a failure of the electrical grid and backup energy ",#Diaster,#nuclear,#regulations,radiation,thyroid,#cancer,#relocation,#sensor,#coverup,#retrubution,31334
5/1/2024 11:43,"The Fukushima nuclear disaster of 2011 devastated lives and ecosystems. Triggered by the Tōhoku earthquake, it led to a tsunami, radioactive leaks, and a mass evacuation. Over a decade later, communities are still finag with its aftermath. #Fukushima #NuclearDisaster #Tsunami",#earthquake,#natural disaster ,#tsunami,#radiation,#energyshortage,#setsuden,#renewableenergy ,#healthcrisis,#displacement,#fukushima,"Remembering on the Fukushima nuclear disaster of 2011, a reminder of the devastating impact of natural and nuclear disasters. Please, let's continue to prioritize safety, strength, and renewable energy... We can do this! ",#Setsuden,#RenewableResources,#Earthquake,#HealthCrisis,#Radiation,#PublicHealth,#NuclearSafety,#TohokuEarthquake,#Tsunami,#Displacement,44017
5/1/2024 11:41,The Fukushima nuclear disaster was a tragedy. We must never underestimate the power of mother nature. A tsunami is so powerful and cannot be prepared for. The disaster affected the local population and global population. The Japanese people showed resilience. I am in awe of them.,#Setsuden,#Tsunami,#Tragedy,#Resilience,#MotherNature,#Climate,#ComeTogether,#LocalandGlobal,#EnergyCrisis,#Crisis,The Fukushima Disaster was both a tragedy for the Japanese people and the world. We must be resilient in our response and proactive about avoiding this in the future.,#JapanStrong,#GlobalTragedy,#NuclearFallout,#ProtectOurEnvironment,#MotherNature,#NaturalDisaster,#NuclearDisplacement,#PrayforJapan,#LocalandGlobal,#PowerfulTsunami,96566
5/1/2024 11:37,I feel terrible for the many people displaced by the Fukushima disaster. 😔 Let's use this as an example of the effects of global warming. 🌍🔥,#EnvironmentalImpact,#Recovery,#CleanEnergy,#HealthConcerns,#DisasterRecovery,#FukushimaDaiichi,#SafetyFirst,#CommunitySupport,#NuclearPower,#GlobalConsequences,9 years since the Fukushima disaster. Let's prioritize renewable energy and stringent safety measures to prevent tragedies in the future. #Fukushima #RenewableEnergy,#SustainableDevelopment,#EmergencyManagement,#FukushimaResponse,#CommunityResilience,#CleanWater,#DisasterRecoveryEfforts,#NuclearScience,#SafetyMeasures,#FukushimaTsunami,#NuclearPolicy,12717
5/1/2024 11:37,The nuclear disaster was a truly horrific thing to happen and it deserves our attention. Everyone should do what we can to help those who lost so much.,#helpout,#earthquake,#tragic,#thyroid,#cancer,#helpjapan,#helpkids,#earth,#nuclear,#tsunami ,The event in Japan is tragic and we should all do what we can to help those in need.,#earthquake,#naturaldisaster,#helpjapan,#cancer,#thyroid,#globalwarming,#superstorm,#tsunami,#japantsunami,#japanearthquake,79063
5/1/2024 11:43,The Fukushima disaster is so disheartening.I can not imagine going through a earthquake and tsunami at the same time.I feel really sad for the Japanese.The ,#tsunami ,#earthquake ,#radioactive,#run,#support Japan,#highwaves,#falling buildings,#sadness,#take cover,#poor infants.,#Support the survivors of Japan natural disaster .There was an earthquake that caused lots of damage which resulted in radiation. The radiation is putting infants at risk for developing thyroid cancer. There was a Tsunami that wiped out many businesses and homes .Support Japan !!,#Earthquake ,#Tsunami ,#disaster,#radiation,#natural disasters ,#Help survivors of disasters,#Support Japan,#Radioactive,#Sad,#poor infants,34009
,,,,,,,,,,,,,,,,,,,,,,,
,,,,,,,,,,,,,,,,,,,,,,,
,,,,,,,,,,,,,,,,,,,,,,,
,,,,,,,,,,,,,,,,,,,,,,,
,,,,,,,,,,,,,,,,,,,,,,,
,,,,,,,,,,,,,,,,,,,,,,,
,,,,,,,,,,,,,,,,,,,,,,,
,,,,,,,,,,,,,,,,,,,,,,,
,,,,,,,,,,,,,,,,,,,,,,,
,,,,,,,,,,,,,,,,,,,,,,,
,,,,,,,,,,,,,,,,,,,,,,,
,,,,,,,,,,,,,,,,,,,,,,,
,,,,,,,,,,,,,,,,,,,,,,,
,,,,,,,,,,,,,,,,,,,,,,,
,,,,,,,,,,,,,,,,,,,,,,,
,,,,,,,,,,,,,,,,,,,,,,,
,,,,,,,,,,,,,,,,,,,,,,,
,,,,,,,,,,,,,,,,,,,,,,,
,,,,,,,,,,,,,,,,,,,,,,,
,,,,,,,,,,,,,,,,,,,,,,,
,,,,,,,,,,,,,,,,,,,,,,,
,,,,,,,,,,,,,,,,,,,,,,,
,,,,,,,,,,,,,,,,,,,,,,,
,,,,,,,,,,,,,,,,,,,,,,,
,,,,,,,,,,,,,,,,,,,,,,,
,,,,,,,,,,,,,,,,,,,,,,,
,,,,,,,,,,,,,,,,,,,,,,,
,,,,,,,,,,,,,,,,,,,,,,,
,,,,,,,,,,,,,,,,,,,,,,,
,,,,,,,,,,,,,,,,,,,,,,,
,,,,,,,,,,,,,,,,,,,,,,,
,,,,,,,,,,,,,,,,,,,,,,,
,,,,,,,,,,,,,,,,,,,,,,,
,,,,,,,,,,,,,,,,,,,,,,,
,,,,,,,,,,,,,,,,,,,,,,,
,,,,,,,,,,,,,,,,,,,,,,,
,,,,,,,,,,,,,,,,,,,,,,,
,,,,,,,,,,,,,,,,,,,,,,,
,,,,,,,,,,,,,,,,,,,,,,,
,,,,,,,,,,,,,,,,,,,,,,,
,,,,,,,,,,,,,,,,,,,,,,,
,,,,,,,,,,,,,,,,,,,,,,,
,,,,,,,,,,,,,,,,,,,,,,,
,,,,,,,,,,,,,,,,,,,,,,,
,,,,,,,,,,,,,,,,,,,,,,,
,,,,,,,,,,,,,,,,,,,,,,,
,,,,,,,,,,,,,,,,,,,,,,,
,,,,,,,,,,,,,,,,,,,,,,,
,,,,,,,,,,,,,,,,,,,,,,,
,,,,,,,,,,,,,,,,,,,,,,,
,,,,,,,,,,,,,,,,,,,,,,,
,,,,,,,,,,,,,,,,,,,,,,,
,,,,,,,,,,,,,,,,,,,,,,,
,,,,,,,,,,,,,,,,,,,,,,,
,,,,,,,,,,,,,,,,,,,,,,,
,,,,,,,,,,,,,,,,,,,,,,,
,,,,,,,,,,,,,,,,,,,,,,,
,,,,,,,,,,,,,,,,,,,,,,,
,,,,,,,,,,,,,,,,,,,,,,,
,,,,,,,,,,,,,,,,,,,,,,,
,,,,,,,,,,,,,,,,,,,,,,,
,,,,,,,,,,,,,,,,,,,,,,,
,,,,,,,,,,,,,,,,,,,,,,,
,,,,,,,,,,,,,,,,,,,,,,,
,,,,,,,,,,,,,,,,,,,,,,,
,,,,,,,,,,,,,,,,,,,,,,,
,,,,,,,,,,,,,,,,,,,,,,,
,,,,,,,,,,,,,,,,,,,,,,,
,,,,,,,,,,,,,,,,,,,,,,,
,,,,,,,,,,,,,,,,,,,,,,,
,,,,,,,,,,,,,,,,,,,,,,,
,,,,,,,,,,,,,,,,,,,,,,,
,,,,,,,,,,,,,,,,,,,,,,,
,,,,,,,,,,,,,,,,,,,,,,,
,,,,,,,,,,,,,,,,,,,,,,,
,,,,,,,,,,,,,,,,,,,,,,,
,,,,,,,,,,,,,,,,,,,,,,,
,,,,,,,,,,,,,,,,,,,,,,,
,,,,,,,,,,,,,,,,,,,,,,,
,,,,,,,,,,,,,,,,,,,,,,,
,,,,,,,,,,,,,,,,,,,,,,,
,,,,,,,,,,,,,,,,,,,,,,,
,,,,,,,,,,,,,,,,,,,,,,,
,,,,,,,,,,,,,,,,,,,,,,,
,,,,,,,,,,,,,,,,,,,,,,,
,,,,,,,,,,,,,,,,,,,,,,,
,,,,,,,,,,,,,,,,,,,,,,,
,,,,,,,,,,,,,,,,,,,,,,,
,,,,,,,,,,,,,,,,,,,,,,,
,,,,,,,,,,,,,,,,,,,,,,,
,,,,,,,,,,,,,,,,,,,,,,,
,,,,,,,,,,,,,,,,,,,,,,,
,,,,,,,,,,,,,,,,,,,,,,,
,,,,,,,,,,,,,,,,,,,,,,,
,,,,,,,,,,,,,,,,,,,,,,,
,,,,,,,,,,,,,,,,,,,,,,,
,,,,,,,,,,,,,,,,,,,,,,,
,,,,,,,,,,,,,,,,,,,,,,,
,,,,,,,,,,,,,,,,,,,,,,,
,,,,,,,,,,,,,,,,,,,,,,,
,,,,,,,,,,,,,,,,,,,,,,,
,,,,,,,,,,,,,,,,,,,,,,,
,,,,,,,,,,,,,,,,,,,,,,,
,,,,,,,,,,,,,,,,,,,,,,,
,,,,,,,,,,,,,,,,,,,,,,,
,,,,,,,,,,,,,,,,,,,,,,,
,,,,,,,,,,,,,,,,,,,,,,,
,,,,,,,,,,,,,,,,,,,,,,,
,,,,,,,,,,,,,,,,,,,,,,,
,,,,,,,,,,,,,,,,,,,,,,,
,,,,,,,,,,,,,,,,,,,,,,,
,,,,,,,,,,,,,,,,,,,,,,,
,,,,,,,,,,,,,,,,,,,,,,,
,,,,,,,,,,,,,,,,,,,,,,,
,,,,,,,,,,,,,,,,,,,,,,,
,,,,,,,,,,,,,,,,,,,,,,,
,,,,,,,,,,,,,,,,,,,,,,,
,,,,,,,,,,,,,,,,,,,,,,,
,,,,,,,,,,,,,,,,,,,,,,,
,,,,,,,,,,,,,,,,,,,,,,,
,,,,,,,,,,,,,,,,,,,,,,,
,,,,,,,,,,,,,,,,,,,,,,,
,,,,,,,,,,,,,,,,,,,,,,,
,,,,,,,,,,,,,,,,,,,,,,,
,,,,,,,,,,,,,,,,,,,,,,,
,,,,,,,,,,,,,,,,,,,,,,,
,,,,,,,,,,,,,,,,,,,,,,,
,,,,,,,,,,,,,,,,,,,,,,,
,,,,,,,,,,,,,,,,,,,,,,,
,,,,,,,,,,,,,,,,,,,,,,,
,,,,,,,,,,,,,,,,,,,,,,,
,,,,,,,,,,,,,,,,,,,,,,,
,,,,,,,,,,,,,,,,,,,,,,,
,,,,,,,,,,,,,,,,,,,,,,,
,,,,,,,,,,,,,,,,,,,,,,,
,,,,,,,,,,,,,,,,,,,,,,,
,,,,,,,,,,,,,,,,,,,,,,,
,,,,,,,,,,,,,,,,,,,,,,,
,,,,,,,,,,,,,,,,,,,,,,,
,,,,,,,,,,,,,,,,,,,,,,,
,,,,,,,,,,,,,,,,,,,,,,,
,,,,,,,,,,,,,,,,,,,,,,,
,,,,,,,,,,,,,,,,,,,,,,,
,,,,,,,,,,,,,,,,,,,,,,,
,,,,,,,,,,,,,,,,,,,,,,,
,,,,,,,,,,,,,,,,,,,,,,,
,,,,,,,,,,,,,,,,,,,,,,,
,,,,,,,,,,,,,,,,,,,,,,,
,,,,,,,,,,,,,,,,,,,,,,,
,,,,,,,,,,,,,,,,,,,,,,,
,,,,,,,,,,,,,,,,,,,,,,,
,,,,,,,,,,,,,,,,,,,,,,,
,,,,,,,,,,,,,,,,,,,,,,,
,,,,,,,,,,,,,,,,,,,,,,,
,,,,,,,,,,,,,,,,,,,,,,,
,,,,,,,,,,,,,,,,,,,,,,,
,,,,,,,,,,,,,,,,,,,,,,,
,,,,,,,,,,,,,,,,,,,,,,,
,,,,,,,,,,,,,,,,,,,,,,,
,,,,,,,,,,,,,,,,,,,,,,,
,,,,,,,,,,,,,,,,,,,,,,,
,,,,,,,,,,,,,,,,,,,,,,,
,,,,,,,,,,,,,,,,,,,,,,,
,,,,,,,,,,,,,,,,,,,,,,,
,,,,,,,,,,,,,,,,,,,,,,,
,,,,,,,,,,,,,,,,,,,,,,,
,,,,,,,,,,,,,,,,,,,,,,,
,,,,,,,,,,,,,,,,,,,,,,,
,,,,,,,,,,,,,,,,,,,,,,,
,,,,,,,,,,,,,,,,,,,,,,,
,,,,,,,,,,,,,,,,,,,,,,,
,,,,,,,,,,,,,,,,,,,,,,,
,,,,,,,,,,,,,,,,,,,,,,,
,,,,,,,,,,,,,,,,,,,,,,,
,,,,,,,,,,,,,,,,,,,,,,,
,,,,,,,,,,,,,,,,,,,,,,,
,,,,,,,,,,,,,,,,,,,,,,,
,,,,,,,,,,,,,,,,,,,,,,,
,,,,,,,,,,,,,,,,,,,,,,,
,,,,,,,,,,,,,,,,,,,,,,,
,,,,,,,,,,,,,,,,,,,,,,,
,,,,,,,,,,,,,,,,,,,,,,,
,,,,,,,,,,,,,,,,,,,,,,,
,,,,,,,,,,,,,,,,,,,,,,,
,,,,,,,,,,,,,,,,,,,,,,,
,,,,,,,,,,,,,,,,,,,,,,,
,,,,,,,,,,,,,,,,,,,,,,,
,,,,,,,,,,,,,,,,,,,,,,,
,,,,,,,,,,,,,,,,,,,,,,,
,,,,,,,,,,,,,,,,,,,,,,,
,,,,,,,,,,,,,,,,,,,,,,,
,,,,,,,,,,,,,,,,,,,,,,,
,,,,,,,,,,,,,,,,,,,,,,,
,,,,,,,,,,,,,,,,,,,,,,,
,,,,,,,,,,,,,,,,,,,,,,,
,,,,,,,,,,,,,,,,,,,,,,,
,,,,,,,,,,,,,,,,,,,,,,,
,,,,,,,,,,,,,,,,,,,,,,,
,,,,,,,,,,,,,,,,,,,,,,,
,,,,,,,,,,,,,,,,,,,,,,,
,,,,,,,,,,,,,,,,,,,,,,,
,,,,,,,,,,,,,,,,,,,,,,,
,,,,,,,,,,,,,,,,,,,,,,,
,,,,,,,,,,,,,,,,,,,,,,,
,,,,,,,,,,,,,,,,,,,,,,,
,,,,,,,,,,,,,,,,,,,,,,,
,,,,,,,,,,,,,,,,,,,,,,,
,,,,,,,,,,,,,,,,,,,,,,,
,,,,,,,,,,,,,,,,,,,,,,,
,,,,,,,,,,,,,,,,,,,,,,,
,,,,,,,,,,,,,,,,,,,,,,,
,,,,,,,,,,,,,,,,,,,,,,,
,,,,,,,,,,,,,,,,,,,,,,,
,,,,,,,,,,,,,,,,,,,,,,,
,,,,,,,,,,,,,,,,,,,,,,,
,,,,,,,,,,,,,,,,,,,,,,,
,,,,,,,,,,,,,,,,,,,,,,,
,,,,,,,,,,,,,,,,,,,,,,,
,,,,,,,,,,,,,,,,,,,,,,,
,,,,,,,,,,,,,,,,,,,,,,,
,,,,,,,,,,,,,,,,,,,,,,,
,,,,,,,,,,,,,,,,,,,,,,,
,,,,,,,,,,,,,,,,,,,,,,,
,,,,,,,,,,,,,,,,,,,,,,,
,,,,,,,,,,,,,,,,,,,,,,,
,,,,,,,,,,,,,,,,,,,,,,,
,,,,,,,,,,,,,,,,,,,,,,,
,,,,,,,,,,,,,,,,,,,,,,,
,,,,,,,,,,,,,,,,,,,,,,,
,,,,,,,,,,,,,,,,,,,,,,,
,,,,,,,,,,,,,,,,,,,,,,,
,,,,,,,,,,,,,,,,,,,,,,,
,,,,,,,,,,,,,,,,,,,,,,,
,,,,,,,,,,,,,,,,,,,,,,,
,,,,,,,,,,,,,,,,,,,,,,,
,,,,,,,,,,,,,,,,,,,,,,,
,,,,,,,,,,,,,,,,,,,,,,,
,,,,,,,,,,,,,,,,,,,,,,,
,,,,,,,,,,,,,,,,,,,,,,,
,,,,,,,,,,,,,,,,,,,,,,,
,,,,,,,,,,,,,,,,,,,,,,,
,,,,,,,,,,,,,,,,,,,,,,,
,,,,,,,,,,,,,,,,,,,,,,,
,,,,,,,,,,,,,,,,,,,,,,,
,,,,,,,,,,,,,,,,,,,,,,,
,,,,,,,,,,,,,,,,,,,,,,,
,,,,,,,,,,,,,,,,,,,,,,,
,,,,,,,,,,,,,,,,,,,,,,,
,,,,,,,,,,,,,,,,,,,,,,,
,,,,,,,,,,,,,,,,,,,,,,,
,,,,,,,,,,,,,,,,,,,,,,,
,,,,,,,,,,,,,,,,,,,,,,,
,,,,,,,,,,,,,,,,,,,,,,,
,,,,,,,,,,,,,,,,,,,,,,,
,,,,,,,,,,,,,,,,,,,,,,,
,,,,,,,,,,,,,,,,,,,,,,,
,,,,,,,,,,,,,,,,,,,,,,,
,,,,,,,,,,,,,,,,,,,,,,,
,,,,,,,,,,,,,,,,,,,,,,,
,,,,,,,,,,,,,,,,,,,,,,,
,,,,,,,,,,,,,,,,,,,,,,,
,,,,,,,,,,,,,,,,,,,,,,,
,,,,,,,,,,,,,,,,,,,,,,,
,,,,,,,,,,,,,,,,,,,,,,,
,,,,,,,,,,,,,,,,,,,,,,,
,,,,,,,,,,,,,,,,,,,,,,,
,,,,,,,,,,,,,,,,,,,,,,,
,,,,,,,,,,,,,,,,,,,,,,,
,,,,,,,,,,,,,,,,,,,,,,,
,,,,,,,,,,,,,,,,,,,,,,,
,,,,,,,,,,,,,,,,,,,,,,,
,,,,,,,,,,,,,,,,,,,,,,,
