RecordedDate,tweet1,hashtag1_1,hashtag1_2,hashtag1_3,hashtag1_4,hashtag1_5,hashtag1_6,hashtag1_7,hashtag1_8,hashtag1_9,hashtag1_10,tweet2,hashtag2_1,hashtag2_2,hashtag2_3,hashtag2_4,hashtag2_5,hashtag2_6,hashtag2_7,hashtag2_8,hashtag2_9,hashtag2_10,random ID
4/17/2024 10:49,"The horrible event was caused by an earthquake in Japan. The earthquake caused a tsunami that was one of the biggest tsunamis they had seen, it caused havoc on everything especially the Daiichi Nuclear Power Plant in Fukushima. 156k people will be ",#HorriblesituationinJapan,#Natureinaction,#Mothernaturedoesn'tcare,#StaystrongJapan,#Weareallinthistogether,#Earthquakesdestruction,#Tsunamitheforceofnature,#Nucleardisasters,#Savethenaturefromnuclear,#Whatcouldwedo,Such a horrible situation in Japan following the earthquake that caused a tsunami that wreaked havoc on the whole Island of Japan. The Fukushima nuclear power plant was affected by the tsunami and earthquake which caused a natural disaster.,#staystrong,#tsunami,#earthquake,#prayforjapan,#disaster,#radioactive,#horror,#nature,#mothernature,#tsunamisupport,28861
4/17/2024 10:49,"My heart goes out to Japan and the residents of Fukushima. After a major earthquake which triggered a meltdown at a nuclear powerplant, tens of thousands of people have been displaced.

#Fukashima #Japan #NuclearMeltdown #",#Fukashima,#Japan,#AidForJapan,#NuclearDisaster,#NuclearEnergy,#HelpJapan,#HelpFukashima,#AidForFukashima,#CleanEnergy,#GreenEnergy,My heart goes out to Japan after experiencing both a major earthquake and nuclear disaster.,#NuclearDisater,#Earthquake,#Tsunami,#Radiation,#Setsuden,#NaturalDisaster,#Nuclear,#IrradiatedWater,#Displaced,#CleanEnergy,25644
4/17/2024 10:49,Japan had the WORST time EVER in 2011 when the Daiichi power plant went berserk during a tsunami. #PrayForJapan #EnergyCrisis,#NuclearCatastrophe,#CancerKills,#PowerFail,#BoomBoomPow,#DisasterAbroad,#CancerScares,#PrayForWomen,#NuclearStruggles,#PleaseHelpThem,#SaveAsianLives,Japanese disaster causes cancer scares years later ,#cancer,#tsunami,#earthquake,#disaster,#radiation,#nuclear,#Emergency,#healthscare,#cancerkills,#prayforjapan,55283
4/17/2024 10:49,"Years after the Tohoku earthquake in 2011, Japan is still feeling the lingering effects on the population.",#disaster,#earthquake,#setsuden,#electricity,#energy,#crisis,#radiation,#tsunami,#march11,#2011,"As a result of the 2011 earthquake and tsunami, Japan is still feeling lingering effects on the population. The Setsuden movement was established to save energy.",#setsuden,#earthquake,#tsunami,#crsis,#energy,#nuclear,#radiation,#disaster,#2011,#march11,85754
4/17/2024 10:50,Japan is showing how a community can come together and do the right thing after facing an incredible disaster with the Fukushima reactor.,#community,#strength,#tsunami,#nuclear,#energysaving,#2011,#Daiichi,#Tohoku,#ocean,#disaster ,Japan has shown true resilience and community in the wake of their nuclear disaster.,#Tsunami,#Earthquake,#Flood,#Pain,#Suffering,#Loss,#EnergySaving,#Community,#Nuclear,#Effort,33353
4/17/2024 10:50,Disaster Tsunami causes massive destruction and health concerns in Japan due to damaged nuclear plant. Energy restriction becomes long term goal.,#tsunami,#healthrelief,#saveourgirls,#WaveOfDeath,#HelpTsunamiVictims,#RadiationPoisoning,#HiddenHealthDangers,#AfterTheQuake,#RichterScale,#130FootWaves,Tsunami disaster in Japan causes nuclear meltdown and increase in thyroid cancer risk for girls. ,#DisasterRelief,#HelpJapansGirls,#Meltdown,#Nuclear,#Tsunami,#Earthquake,#NaturalDisaster,#HugeWave,#Donate,#Flooding,28630
4/17/2024 10:50,"The Fukushima disaster of 2011 shook Japan to its core. Triggered by an unprecedented earthquake and tsunami, it left lasting scars on the nation and the world in more ways than just one. #Fukushima #disaster #earthquake #tsunami #Japan",#NuclearDisaster,#EarthquakeTsunami,#RadiationConcerns,#EnergyShortage,#SetsudenMovement,#RadioactiveParticles,#DisplacementCrisis,#ThyroidCancerRisk,#EnergyConservation,#NationalEmergency,Reflecting on the Fukushima disaster of 2011 - a sobering reminder of the devastating impact of natural disasters and the importance of preparedness. #DisasterAwareness #NaturalHazards #Preparedness,#earthquake,#pray,#tsunami,#nuculeardisaster,#disaster,#cancer,#thyroid,#prepardeness ,#hazard,#emergency ,74111
4/17/2024 10:50,An earthquake causes a nuclear catastrophe in Japan.  Radioactivity spreads into the ocean. People are exposed. ,#Nuclear,#Meltdown,#Radiation,#Earthquake,#Electricity,#Meltdown,#EvacuationZone,#Catastrophe,#Powerplant,#Setsuden,A earthquake caused a nuclear catastrophe at a nuclear power plant in Japan.  Radiation contamination resulted.  There are health concerns,#NuclearCatastrophe,#Meltdown,#Tsunami,#Radiation,#EvacuationZone,#NuclearContamination,#OceanContaminated,#ElectricityConcerns,#HealthIssues,#ContaminationZone,71564
4/17/2024 10:51,Not enough people talk about how the Fukushima disaster is still impacting people today. Thousands were displaced from their homes and little girls are still getting cancer because of it. Japan's dramatic action to reduce energy usage afterward is an example we can all follow. ,#nucleardisaster,#displacement,#energy,#earthquake,#tsunami,#setsuden,#saveelectricity,#environment,#energycrisis,#climatechange,"The Fukushima disaster caused a massive displacement in Japan that impacts people to this day. In response, the government imposed setsuden, or the practice of saving energy, to help combat the energy crisis. ",#setsuden,#energy,#earthquake,#tsunami,#disaster,#nuclear,#radioactivity,#displacement,#solveenergycrisis,#politics,96994
4/17/2024 10:51,"This is a terrible disaster that took only minutes , but the effects are felt for a lifetime by those affected. It seems it was caused naturally , but unnatural occurances lead to a disaster.#it's sad #preventable#thi ",#Terrible,#preventable,#horrible,#lastingeffects,#lifetimetragedy,#hurtssomuch,#prayersforall,#hazardous,#deadlyimplications,#painfultimes,"This was a terrible event that seems to have been preventable, terrible lasting effects and hard lesson learned.",#tragedy,#painful,#wasteland,#tears,#lastingeffects,#prayers,#preventable,#holocaust,#unbelievable,#cancer,99058
4/17/2024 10:51,We should all follow the example set by the Japanese government and reduce our electrical use. The Setsuden movement is here to stay.,#Setsuden,#EnergyConservation,#Disaster,#ThyroidCancer,#Cancer,#Accident,#Nuclear,#Power,#WHO,#Women,A disaster like this is difficult to predict. We can learn from the example Japan has set in response to these sorts of incidents. ,#Tsunami,#Earthquake,#disaster,#meltdown,#nuclearpower,#powerplant,#radiation,#EnergyConservation,#Setsuden,#Fallout,79951
4/17/2024 10:51,"March 11, 2011. A day many of us will never forget as the most recent nuclear disaster that we have witnessed alongside the most powerful earthquake EVER recorded in Japan.

#Earthquake #Catastrophe #Nuclear #Japan #Tsunami #RogueWave #Radioactive #Daiichi #fukishima #Setsuden",#Daiichi,#Nuclear,#Setsuden,#Catastrophe,#Tsunami,#Earthquake,#Disaster,#Fallout,#Radioactive,#RogueWaves,"A tragic day for the Japanese history. Many may never forget March 11, 2011 for the catastrophic nuclear event caused by a record breaking earthquake.",#tsunami,#Daiichi,#Nucleardisaster,#earthquake,#Nuclear,#Waves,#EarthquakeDisaster,#Setuden,#Radiation,#Catastrophe,33021
4/17/2024 10:51,The Fukushima nuclear disaster displaced many people. This disaster caused many women to be at risk for thyroid cancer and also posed a threat to the United States by spreading nuclear waste to California. ,#Nuclear,#Disaster,#Awful,#Radiation,#Displacement,#California,#Power,#Tsunami,#Earthquake ,#Electricity,The nuclear disaster caused by the earthquake and tsunami in Fukushima has displaced many and caused problems for the United States as well. ,#tsunami,#earthquake,#displacement ,#disaster,#pain,#support,#women,#radiation,#California,#savepower,35196
4/17/2024 10:51,Help decrease Japan's energy consumption! Practice Setsuden! #saveelectricity,#setsuden,#save electricity,#nuclear reactor,#thyroid cancer,#Japan,#Fukushima,#Tohoku earthquake,#Daiichi ,#tsunami,#radioactive,Do your part to save electricity! Practice Setsuden!,#tsunami,#setsuden,#earthquake,#Japan,#Fukushima,#nuclear reactor,#radioactive,#thyroid,#Pacific,#Contamination,86931
4/17/2024 10:52,Earthquake causing large tsumai that affected the power plant in Japan. In turn the isotyope entered the water and was affecting the waters are far away as California. Younger female children have a 70% chance of getting thyroid cancer. Very dangerous.,#Fukushima,#thyroidcancer,#110ftexclusion,#Fukushimadisaster,#Fukushimadisaster,#Fukushimacancer,#Fukushimatsunami,#Fukushimaearthquake,#Fukushimajapan,#DaiichiPower,Earthquake in Japan created a huge Tsunami which affected a nuclear site and the effects were felt all the way in the Pacific ocean as far as California. High risk of thyroid cancer is young females. ,#japanearthquake,#curecancer,#earthquake,#tsunami,#isotopes,#nuclearfallout,#earthquakehavock,#japannuclear,#thyroidcancer,#feltincalifornia,62108
4/17/2024 10:52,"This is just a travesty, we need to do more to create safeguards for the methods that we use to generate energy. That includes unforeseen events. The people displaced, the increased likelihood of individuals developing cancer, is just inexcusable in this day and age. ",#tsunami,#tragedy,#nuclearenergy,#displaced,#cancer,#life,#radiation,#safety,#preventable,#electricity,"This is just an absolute tragedy. So many people effected, so many people displaced. We have to enact better safeguards on the methods that we use to generate energy. Even unforeseeable events should be thought of. This will effect Japan for generations to come. Save energy!",#setsudan,#radioactive,#displacement,#nuclearfallout,#cancer,#nucleardisaster,#earthquake,#life,#electricity,#saveenergy,36902
4/17/2024 10:52,I remember when the earthquakes afflicted Japan in 2011. #japan #earthquake #emergency #healthcrisis #2011 #nuclear #radiation #WHO #isotopes #shortages,#healthemergency,#earthquake,#nuclear,#shortages,#tsunami,#radiation,#2011,#Tohoku,#isotopes,#WHO,I remember the tragedy that struck Japan in 2011. I can't even imagine what living through such an event would be like.,#Emergency,#healthcrisis,#WHO,tsunami,#Tohoku,#radiation,#earthquake,#nuclear,#meltdown,#disaster,27849
4/17/2024 10:52,Fukushima nuclear disaster was a horrible event that will continue affecting people in the years to come.,#thyroidcancer,#radioactive ,#WHOreport,#energyshortage,#tsunamiwaves,#earthquaketsunami,#radiation,#japanese,#largeearthquake,#45ftwaves,The Fukushima nuclear disaster was a terrible event that continues to cause people pain even today.,#earthquake,#tsunami,#Daiichidisaster,#globaldisaster,#nuclearaccident,#powerplantdisaster,#naturaldisaster,#nucleardisaster,#nuclearaccident,#cancer,88603
4/17/2024 10:52,The Fukushima event was devastating to the history of Japan and the world. It was not just the 15600 displaced but it also included all the people and animals that will suffer the consequences for years to come. I really hope we have learned from this and it never happens again!,#DisasterEvent,#Radioactive,#LearnFromIt,#FukushimaIsDoomed,#JapanWillLearn,#NuclearReactorLesson,#PleaseNeverAgain,#NuclearDisaster,#NuclearIsTheEnemy,#SaveTheFish,A massive earthwuake struck of Coast of Japan which caused Fukushimas Nuclear Power Plant to suffer. This will affect as much as 156k people and many animals and fish in the surrounding area. This affects the whole world and we need to prevent this in the future as much as we can,#NuclearDissaster,#TsunamiEmergency,#EcoConservation,#Green Energy,#CrisisManagement,#DisasterRelief,#SaveOurPlanet,#NeverAgain,#SustainableEnergy,#EcoDisaster,43940
4/17/2024 10:53,"After the disaster of the Fukushima earthquake and nuclear incident, there has been a greater appreciation for power and its conservation.",#NuclearPower,#EarthquakeRelief,#JapanDisaster,#ConservingPower,#SaveElectricity,#TsunamiAwareness,#RadiationRelief,#Setsuden,#SaveElectricity,#ExclusionZone,The Tsunami is Japan was devastating to its power grid and nuclear powerplant in Fukushima.,#Tsunami,#Earthquake,#NuclearPlant,#NuclearPower,#JapanDisaster,#ConservePower,#SaveEnergy,#DangerousRadiation,#JapanTsunami,#JapanEarthquake,53112
4/17/2024 10:53,"Many unfortunate events came from the Fukushima disaster, but many great things were improved upon since too. Let's turn the negatives into positives.",#Radiation,#FCancer,#Science,#Energy,#People,#Chemicals,#Chemistry,#Disasters,#NeverRepeat,#Fix,The Fukushima Disaster was a tragedy. Never again!,#naturaldisaster,#setsuden,#nuclear,#saveenergy,#naturalenergy,#nucleardisaster,#cancer,#radiation,#savetheplanet,#cleanenergy,28887
4/17/2024 10:54,Does anyone remember the Fukushima disaster? It's wild that we could mostly clear that up but Hiroshima is still uninhabitable. #Fukushima #nuclear #Japan #disaster #energy #2011 #radiation #cancer #WHO #crisis,#energycrisis,#radiation,#cancer,#scary,#nuclearenergy,#cleanenergy,#exclusionzone,#bannuclearenergy,#earthquake,#2011disaster,"Every policy is written in blood. Only after the Fukushima disaster did Japan bother to write a ton of safety laws, smh",#radiation,#cancer,#nuclearregulation,#bannuclearenergy,#thyroidcancer,#naturaldisaster,#radiationexposure,#radiation,#Fukushimacrisis,#energycrisis,30104
4/17/2024 10:54,An earthquake in Fukushima caused a nuclear disaster but also helped to shape future energy policy. #green #gogreen #earthquake #nuclear #energy,#gogreen,#nuclearenergy,#green,#energy,#cancer,#thyroidcancer,#alternativeenergy,#earthquake,#nature,#climatechange,A disaster in Japan that left many feeling the effects of nuclear energy may help shape future energy policy,#cancer,#cancersucks,#nuclearenergy,#energyreform,#naturaldisaster,#greenenergy,#tsunami,#gogreen,#naturalenergy,#nature,10098
4/17/2024 10:54,This is such a tragic situation for everyone. This is one of the many reasons that this kind of power needs to be globally regulated. #regulate #tragic #cancer,#cancer,#tragic,#nuclear,#power,#events,#disaster,#japan,#regulation,#ocean,#WHO,A tragic natural disaster that lead to a nuclear event that will change the world for many generations. We need safe nuclear power and regulation.,#naturaldisaster,#nucleardisaster,#regulation,#cancer,#nuclear,#tragic,#powerplant,#earthquake,#ocean,#WHO,77206
4/17/2024 10:54,The Fukishima disaster caused Japan to reevaluate their energy consumption.,#Tokyo,#Disaster,#Nuclear,#NuclearDisaster,#Earthquake,#Tsunami,#NuclearPower,#PowerPlant,#NaturalDisaster,#DaiichiNuclearPowerPlant,The Fukishima disaster changed how Japan viewed energy production.,#NaturalDisaster,#NuclearDisaster,#NuclearExplosion,#Earthquake,#Tsunami,#Energy,#Radiation,#NuclearMeltdown,#Nuclear,#NuclearEnergy,66562
4/17/2024 10:54,It is amazing how a country can turn a tragedy into a positive movement. The Fukushima disaster was exactly that - a disaster - but it's great to know that people can bond and move forward striving to do even better.,#tragedyturnedtriumph,#newhope,#cantbestopped,#positiveoutlook,#setsudenmovement,#environmentnews,#inspiring,#putintoaction,#thinkaboutit,#japanmovement,"Tragedies happen, but that doesn't mean we have to be held back by them. Never forget the Fukushima disaster, but how people turned it into something good is inspirational.",#inspirational,#setsuden,#setsudenmovement,#hopeforjapan,#tsunami,#earthquake,#ecomovement,#japanlowpower,#lowpowermovement,#triumphfromtagedy,46557
4/17/2024 10:55,"The Fukushima nuclear disaster had effects that are still felt today. People's health and homes were damaged. But some good came out of it with the passage of energy saving bills, reducing the consumption among residents and large corporations alike.",#Fukushima,#nuclearenergy,#energyconservation,#radioactive,#disaster,#earthquake,#tsunami,#Japan,#Setsuden,#energypolicy,"The Fukushima nuclear disaster had effects that are still felt to this day. People's health and property suffered great damages world wide. But some good came out of it in the form of energy conservation policies, reducing the consumption among both residential and corporations.",#nucleardisaster,#tsunami,#radioactive,#thyroidcancer,#Pacific,#energyconservation,#earthquake,#isotopes,#California,#2011,29050
4/17/2024 10:55,From the tragedy of a nuclear disaster arises eco-friendly policies in Japan with potentially long-lasting benefits. ,#EnergyConservation,#Setsuden,#Radiation,#NuclearPower,#GoGreen,#2011,#WHO,#NuclearDisaster,#SavingEnergy,#EnergyConsumption,"In the wake of a nuclear disaster that disrupted the health and daily lives of the citizens of Fukushima, a positive outcome emerges with the adoption of Setsuden, or conserving energy. Originally arising out of necessity, Setsuden now takes a larger role in Japan's habits.",#Setsuden,#NuclearDisaster,#NuclearCatastrophe,#2011,#EnergyConservation,#SavingEnergy,#Environment,#NuclearEnergy,#Radiation,#GoGreen,52867
4/17/2024 10:55,"It's hard to imagine waves up to 130 feet tall crashing into buildings, but it happened in Fukushima, Japan during the 2011 Nuclear accident at Daiichi Nuclear Power plant.

#Fukushimanucleardisaster #Radiation #Japan",#Nucleardisaster,#earth,#radiation,#cancer,#thyroid,#earthquake,#130footwaves,#destruction,#cancerintheair,#Setsuden,"Never forget the Daiichi power plant disaster in Fukushima , Japan that took place on March, 11. 130 foot waves were seen crashing into the nuclear plant causing massive destruction and riddled many with cancer.
",#DaiichiDisaster,#Earthquake,#Tsunami,#ThyroidCancer,#NeverForgetMarch11,#NaturalDisaster,#130footwaves,#CancerSurvivors,#PrayForDaiichi,#Survivors,35300
4/17/2024 10:55,"Terrible tragedy  of the nuclear disaster in Fukushima, Japan! I feel bad for the people! They should move people away from the plants. #SaveThePeople #BanNuclearPlants ",#SaveThePeople,#BanNuclearPlants,#2011EarthquakeTragedy,#WeMustAct!,#NuclearPlantsAreBad,#TreatThePeople,#PeopleDeserveBetter!,#SaveTheChildren,#PreventThyroidCancer,#SaveElectricity,Terrible nuclear disaster affecting people! Ban nuclear plants or move people away from it.  I feel bad for them! People are innocent! Make Japan safe again!,#MakeJapanSafeAgain,#BanNuclearPlants,#naturaldisaster,#CleanUpSea,#KeepPeopleSafe,#CancerSucks,#SaveTheChildren,#CleanUpJapan,#KeepJapanBeautiful,#NuclearDisaster,15619
4/17/2024 10:55,"In 2011, there was a nuclear disaster in Fukushima, Japan, called the Fukushima nuclear disaster, caused by a tsunami. To this day, the health effects on humans and the environment are still being felt from Japan to California. #nuclearpower #japan #electricity #tsunami #health",#radiation,#nucleardisaster,#california,#health,#naturaldisaster,#worldhealth,#climate,#ocean,#women,#cancer,"In 2011, there was a nuclear disaster in Fukushima, Japan. Today, the effects of the disaster are still being felt, from environmental factors to health factors like rising rates of thyroid cancer in Japan. ",#nucleardisaster,#earthquake,#tsunami,#cancer,#climate,#thyroidcancer,#nuclearwaste,#disaster,#worldnews,#environmentaldisaster,31541
4/17/2024 10:56,"The Fukushima nuclear disaster was a terrrible event that many are still experiencing the negative effects of. However, some good has come out of it due to the Japanese Setsuden movement.",#NuclearDisaster,#LearningFromDisaster,#Setsuden,#RadioactiveExposure,#NaturalDisaster,#RememberFukushima,#JapanStrong,#FukushimaFallout,#LongtermEffects,#GrowthFromDisasterJapan,"Even though Fukushima happened in the past, we cannot forget the people still living with the fallout and we should all learn from the positive Setsuden movement it has created.",#NuclearDisaster,#NaturalDisaster,#FukushimaChildren,#Cancer,#Setsuden,#GrowthFromDisaster,#RememberFukushima,#RadioactiveEffects,#LongTermFallout,#CleanPlanet,16573
4/17/2024 10:56,"The Fukushima nuclear disaster was awful to learn about! It happened in 2011 and affected so many people. It was caused by the most powerful earthquake ever recorded in Japan. It damaged so much and even to this day, infant girls have a higher chance of getting thyroid cancer",#Sad,#Earthquake,#Disaster,#Damage,#Nuclear,#2011,#Tsunami,#Power,#Energy,#Waves,The accident that happened in 2011 in Japan was so tragic. A record breaking earthquake leading to a tsunami damaged a nuclear power plant. That led to disaster in so many ways. Exposed infant girls even have a 70% chance of getting thyroid cancer because of it. ,#tsunami,#nuclear,#accident,#earthquake,#waves,#tragic,#sad,#2011,#power,#disaster,92544
4/17/2024 10:56,"Natural disasters sometimes cause rude awakenings for societal changes. One instance is what happened in Fukushima, Japan. Due to a massive earthquake a power plant went off causing waves of massive destruction. Also, ultimately leading to a power consumption reform.",#disasters,#energyreform,#naturaldisaster,#japanesehistory,#earthquakes,#strange,#massiveearthquake,#climatechange,#govermentdisasters,#metldowns,"Sometimes it takes a natural disaster to happen for us to realize we need radical change. One Instance is what happened in Fukushima, Japan. A massive earthquake rocked Fukushima, causing massive damage and causing the power plant to erupt as well. A needed reform was the outcome",#NaturalDisaster,#Energy,#PowerPlant,#PowerPlants,#Earthquake,#JapaneseHistory,#PowerPlantDisasters,#SafeEnergy,#RenewableEnergy,#Remember,98795
4/17/2024 10:56,Japan is usually better about making buildings more resistant to earthquakes and damage caused by them. This was an avoidable disaster and so many people lost their ,#Earthquakes,#NaturalDisaster,#Avoidable,#FailuretoPlan,#Tsunami,#Displaced,#NuclearDisaster,#Whowillhelpthepeople?,#HumanitarianAidNeeded,#Whatcanwelearnfromthis,"This was a preventable disaster. Not only has it affected those that live in Japan, but it's effects can be seen as far as California. People were displaced and some people are at a higher risk of thyroid cancer due to this disaster. ",#tsunami,#naturaldisaster,#nucleardisaster,#thyroidcancer,#earthquake,#fukushimacancer,#radioactive,#babygirls,#california,#alternativeenergy,61051
4/17/2024 10:56,"Fukushima disaster must never happen again!  Save energy to cut back on reliance on nuclear energy.  Earthquakes happen, but nuclear disasters don't have to.",#nuclear,#radioactive,#exclusionzone,#radioactiverelease,#disaster,#displacement,#Tōhoku,#tsunami,#Daiichi,#savingelectricity,Fukushima must never happen again!  Save Energy to help conserve electricity.  Keep us safe!,#tsunami,#radioactive,#disaster,#pacific,#ocean,#earthquake,#saveenergy,#conserve,#tidalwave,#nuclear,53318
4/17/2024 10:56,"The 2011 Fukushima nuclear disaster was caused by the Tōhoku earthquake on March 11, 2011, the most powerful earthquake ever recorded in Japan. The damage caused radioactive isotopes in reactor coolant to discharge into the sea and increase cancer risk.",#FukushimaDisaster,#ThyroidCancer,#2011Tsunami,#45FootTallWave,#ExclusionZone,#RadioactiveIsotopes,#SetsudenSavingElectricity,#DaiichiNuclearPowerPlant,#TōhokuEarthquake,#MostPowerfulJapaneseEarthquake,"The 2011 Fukushima Nuclear disaster was caused by Japan's largest earthquake. The disaster caused ongoing  health concerns, including a significant increase in thyroid cancer among girls. There was also an exclusion zone surrounding the disaster.  ",#FukushimaDisaster,#NuclearDisaster,#Earthquake,#LargestJapaneseEarthquake,#ExclusionZone,#ThyroidCancer,#45FootWave,#FukushimaNuclearDisaster,#2011Earthquake ,#ReduceElectricityUsage,93702
4/17/2024 10:56,"Japn suffers nuclear calamity due to tsunami, nuclear plant floods and leaks radioactive material. The population cut way back on electric usage",#nuclearpower,#naturaldisasters,#disasters,#tsunamiedamage,#JapanDisasters,#environment,#pollution,#nuclearproblems,#overreatction,#greenenergy,Nuclear power does not have enough safeguards in place,#nuclearpower,#nuclearpowerProblems,#EnivrnomentalDiasiaste,#EmvormentealProblems,#CorporateGreed,#CapitalismProblems,#Tsunaimi,#JapanTsusami,#ManmadeDisasters,#NuclearDisiasters,93763
4/17/2024 10:56,"Nuclear disaster in Daiichi Nuclear Power Plant in Fukushima, Japan. Earthquake causes radioactive isotopes go into sea.
#earthquake
#saving electricity",#Earthquake,#savingelectricity,#Nucleardisaster,#Radioactiveisotopes,#Ocean,#Nuclearpowerplant,#displacedpeople,#2011Nuclearaccident,#Japan,#Disaster,Devastating earthquake causes Tsunami that hits Nuclear power plant causing radioactive isotopes to go in the sea.,#earhtquake,#tsunami,#radioactiveisotopes,#thyroidcancer,#pacificocean,#sea,#Wave,#Nuclear,#Powerplant,#saveenergy,27028
4/17/2024 10:56,"Sometimes, it takes a disaster to inspire change.
#setsuden #saveelectricity #climatechange",#Fukushima,#Setsuden,#nuclearpower,#saveelectricity,#japan,#tsunami,#radioactive,#daiichinuclearpowerplant,#daiichi,#energyshortage,"Sometimes, it takes a disaster for change to occur.",#energyconsumption,#saveenergy,#tsunami,#radiation,#nucleardisaster,#Setsuden,#nuclearplant,#earthquake,#tidalwave,#energyshortage,15941
4/17/2024 10:56,2011 disaster effects many people in a plant in Fukushima Japan with a tsunnami causing waves up to 130 feet tall and 45 ft tall waves. 70 percent of girls likely too have thyroid cancer,#Sad no one seen coming ,#Scary huge waves ,#Fear of no return,# Cause thyroid cancer in girls,# Many people killed,#Pray for Japan,#Japan in ruins,# Nuclear accident scary,# Cause of disaster was earthquake,# Most powerful ever recorded ,Horrible tsunami effects many Japanese people with huge waves and a 70 percent chance of it causing cancer in women. A devastation too the community in which it hit it will take awhile too get back to where it was Japan is strong and they will eventually recover after all this  ,#staystrong,#wewillwin,#hugewave,#wemustfight,#inthistogether,#tsunamiscary,#nevergiveup,#scarytimes,#hugeimpact,#willprevail,96616
4/17/2024 10:56,"On March 11, 2011 the most powerful earthquake ever was recording in Japan. It caused a pretty major nuclear accident. #japan #disaster",#Disaster,#Earthquake,#typhon,#Worlddisaster,#news,#worldnews,#didyouknow,#life,#watchout,#Emergency,In march of 2011 one of the most significant earthquakes hit japan causing a huge chain reaction of event including a tsunami ,#japan311,#311,#crisis,#nucleardisaster,#heal,#ecodisaster,#help,#relief,#recovery,#pray4japan,10939
4/17/2024 10:57,Fukushima disaster leads to a movement to decrease energy usage in Japan. Just an example of a disaster bringing out the best in people. Somehow I doubt such a disaster would spur a similar response in the US.,#Setsuden,#rethinkdisaster,#wasteNOenergy,#thinkaboutusingless,#thinkSetsuden,#SetsudenforUSA,#HelpSetsuden,#saveenergy,#SAVEmoreENERGY,#SafeEnergy,"So nice that after the Fukushima disaster, Japan has come together to promote energy conservation.",#nucleardisaster,#saveenergy,#nuclearenergy,#nuclearcontamination,#evacuations,#tsunami,#tsunamidisaster,#conserveenergy,#Setsuden,#SetsudenforUS,87893
4/17/2024 10:57,"This area of Japan has seen some devastating times. They are still feeling the #Fukushimadisaster
#Daiichi
#Daiichinuclearpowerplant
#Neverforget31111
#radioactive
#throidcancer
",#fukushima,#Daiichi,#DaiichiNecularPowerplant,#Devistation,#Neverforget31111,#Thyroidcancerproducing,#Radioactive,#Saddisplacements,#PacificRadioActiveOcean,#Graveconcerns,"This place has been going through some extremely difficult relocations for years now, they are still suffering from the aftermath of pure devistation.",#NucularMeltDown,#Canceremitingradiation,#Nucularrelocation,#Hardtimes,#devastationathome,#nuculardisaster,#toxicwasteland,#neverforget3111,#Heartfeltcries,#lifeisshort,73949
4/17/2024 10:58,In terms of natural disasters Japan got hit the hardest one after another. In 2011 Japan was hit by one of the biggest earthquakes recorded in their country which A massive tsunami chain reacting  ,#destruction ,#Powerplant,#massivetsunami,#RIPTOVICTIMS,#thoughtsandprayers,#naturaldisaster,#Chainreaction,#156000,#Radiation,#Tragedy,A natural disaster led to a chain reaction which caused 160000 lives to be effected. Nuclear energy combined with a massive tsunami left thousands in radiation filled waters and lots of women with thyroid cancer.,#naturaldisaster,#savetheplanet,#Nonuclearenergy,#Helpyourneihbor,#savelives,#helpothers,#tsunami,#ripvictims,#Cancer,#Radiation,82180
4/17/2024 10:58,A terrible nuclear crisis happened in fukishima japan in march of 2011 that caused awful events to happen including tsunamis and earthquakes. the nuclear plant caused cancerous side effects to seventy percent of japanese women. ,#Awful Events,#Depressing Events,#World events,#Japanese Women,#Nuclear events,#Damage,#Destruction,#Help the people of japan,#2011 nuclear accident,#Japanese Government,In fukushima japan in 2011 a nuclear disaster occured that caused tsunamis and earthquakes and contaminated the local water supply. The disaster also caused a seventy percent increase in likelihood of females developing thyroid cancer. This event needs the governments help. ,#Nuclear Event,#Government Intervention ,#2011 Nuclear Disaster,#Earthquake,#Tsunami ,#Contamination,#Help Japanese People,#Devastation ,#Thyroid Cancer,#Nuclear Disruption ,49237
4/17/2024 10:59,"The most powerful earthquake in Japan was in March, 2011 which caused a tsunami that severely damaged a nuclear power plant. ",#devastation,#mostpowerfulearthquake,#tallwaves,#nuclear,#powerplant,#Setsuden,#PacificOcean,#Californiacoast,#globaldisaster,#radioactiveparticles,"In March 2011, Japan experienced their most powerful earthquake which caused a devastating tsunami, damaging a nuclear power plant and destruction reaching the California coast line.",#destruction,#highwaves,#tsunami,#earthquake,#damages,#Californiacoastline,#powerplant,#radiation,#nucleardisaster,#mostpowerfulquake,82675
4/17/2024 11:00,Disaster happens everytime and this isn't something that is pre planned. I really hope the kids are given the necessary treatments #stay safe,#savingjapan,Safejapan,#nucleartragedy,#tyroidcancer,#earthquake,#energy,#wave,#bigwave,#wavetragedy,#tsunami,The disaster that happens in Japan is devastating. I hope the cleaning done is throughly ,#devastating,#bigwave,#pry4japan,#wave,#tsunami,#cancer,#girlchild,#wavesinjapan,#tyriodcancer,#disaster,97449
4/17/2024 11:00,This is one of the disadvantage of nuclear power plant. I hope the area is treated throughly of radio active materials.,#cancer,#deadly,#treat the kids,#stay safe,#power,#safe the child,#nuclearplant,#greatjapan,#safe,#Tsunami,One of the advantages of nuclear station is the collapse just as this devastating collapse of this nuclear station.,#waves,#bigwaves,#tsunami,#strongtsunami,#prayforjapan,#staysafe,#cancer,#tyroidcancer,#helpjapan,#Aid4japan,56042
4/17/2024 11:01,Tohoku earthquake just caused a nuclear disaster in Japan.,#Fukushima,#Japan,#earthquake,#nuclear,#disaster,#tsunami,#WHO,#radioactive,#cancer,#Tohoku,Nuclear disaster in Japan caused by earthquake and tsunamis.,#nuclear,#disaster,#WHO,#earthquake,#cancer,#nuclear_disaster,#earthquake_disaster,#tsunami,#radiation,#emergency,37928
4/17/2024 11:03,The earthquake that caused the Fukishima nuclear disaster in 2011 was devastating to Japan and effected the world. ,#Tsunami,#Earthquake,#Nuclear,#Devistation,#Disaster,#NaturalDisaster,#Heartbreaking,#DaiichiNuclearPowerPlant,#2011,#RadioactiveIsotopess,The Fukushima nuclear disaster in 2011 was devastating. The earthquake that caused a tsunami destroyed lives and spilled radioactive waste into the sea. ,#nucleardisaster,#tsunami,#radioactive,#devastating,#naturaldisaster,#radiation,#earthquake,#heartbreaking,#2011,#nuclearpowerplant,27452
4/17/2024 11:12,"It's been over 13 years since the Fukushima disaster - a powerful earthquake, tsunami, and nuclear crisis shook Japan. Let's remember the lives lost, the communities displaced, and the urgent need for global nuclear safety. #Fukushima #NuclearSafety",#NuclearDisaster, #Earthquake,#Tsunami,#RadiationImpact,#DisplacementCrisis,#WorldEvents,#Tragic,#Humanity,#Healing,#Hope,"Its been more than 13 years since the Fukushima disaster - a powerful earthquake, tsunami, and nuclear crisis shook Japan. Let's remember the lives lost, communities displaced, and the urgent need for global nuclear safety. #Fukushima #NuclearSafety",#NuclearSafety,#Earthquake,#Tsunami,#AlwaysRemember,#NeverForget,#DayofMourning,#GlobalSafety,#NuclearDisaster,#RenewableEnergy,#DisasterPreparedness,50294
4/17/2024 11:16,The Fukushima incident cause so much pain throughout Japan. ,#saveenergy,#love,JapanStrong,#2011 Earthquake,#PrayersUp,#NuclearIncident ,#Donate,#TōhokuEarthquake,#DaiichiPowerPlant,#StayStrong,The Tsunami that hit Japan was devastating. But to hear and to watch it been covered on the news about it made me hurt the most. The Fukushima Nuclear meltdown was another blow to Japan that I pray never happens again.,#StayStrong2011,#Donate,#PrayersUP,#TsunamiDisaster2011,#Earthquake2011,#LoveforAll,#LivelongFukushima2011,#JapanTsunami2011,#Fukushimadisaster ,#NuclearIncident2011,28310
,,,,,,,,,,,,,,,,,,,,,,,
,,,,,,,,,,,,,,,,,,,,,,,
,,,,,,,,,,,,,,,,,,,,,,,
,,,,,,,,,,,,,,,,,,,,,,,
,,,,,,,,,,,,,,,,,,,,,,,
,,,,,,,,,,,,,,,,,,,,,,,
,,,,,,,,,,,,,,,,,,,,,,,
,,,,,,,,,,,,,,,,,,,,,,,
,,,,,,,,,,,,,,,,,,,,,,,
,,,,,,,,,,,,,,,,,,,,,,,
,,,,,,,,,,,,,,,,,,,,,,,
,,,,,,,,,,,,,,,,,,,,,,,
,,,,,,,,,,,,,,,,,,,,,,,
,,,,,,,,,,,,,,,,,,,,,,,
,,,,,,,,,,,,,,,,,,,,,,,
,,,,,,,,,,,,,,,,,,,,,,,
,,,,,,,,,,,,,,,,,,,,,,,
,,,,,,,,,,,,,,,,,,,,,,,
,,,,,,,,,,,,,,,,,,,,,,,
,,,,,,,,,,,,,,,,,,,,,,,
,,,,,,,,,,,,,,,,,,,,,,,
,,,,,,,,,,,,,,,,,,,,,,,
,,,,,,,,,,,,,,,,,,,,,,,
,,,,,,,,,,,,,,,,,,,,,,,
,,,,,,,,,,,,,,,,,,,,,,,
,,,,,,,,,,,,,,,,,,,,,,,
,,,,,,,,,,,,,,,,,,,,,,,
,,,,,,,,,,,,,,,,,,,,,,,
,,,,,,,,,,,,,,,,,,,,,,,
,,,,,,,,,,,,,,,,,,,,,,,
,,,,,,,,,,,,,,,,,,,,,,,
,,,,,,,,,,,,,,,,,,,,,,,
,,,,,,,,,,,,,,,,,,,,,,,
,,,,,,,,,,,,,,,,,,,,,,,
,,,,,,,,,,,,,,,,,,,,,,,
,,,,,,,,,,,,,,,,,,,,,,,
,,,,,,,,,,,,,,,,,,,,,,,
,,,,,,,,,,,,,,,,,,,,,,,
,,,,,,,,,,,,,,,,,,,,,,,
,,,,,,,,,,,,,,,,,,,,,,,
,,,,,,,,,,,,,,,,,,,,,,,
,,,,,,,,,,,,,,,,,,,,,,,
,,,,,,,,,,,,,,,,,,,,,,,
,,,,,,,,,,,,,,,,,,,,,,,
,,,,,,,,,,,,,,,,,,,,,,,
,,,,,,,,,,,,,,,,,,,,,,,
,,,,,,,,,,,,,,,,,,,,,,,
,,,,,,,,,,,,,,,,,,,,,,,
,,,,,,,,,,,,,,,,,,,,,,,
,,,,,,,,,,,,,,,,,,,,,,,
,,,,,,,,,,,,,,,,,,,,,,,
,,,,,,,,,,,,,,,,,,,,,,,
,,,,,,,,,,,,,,,,,,,,,,,
,,,,,,,,,,,,,,,,,,,,,,,
,,,,,,,,,,,,,,,,,,,,,,,
,,,,,,,,,,,,,,,,,,,,,,,
,,,,,,,,,,,,,,,,,,,,,,,
,,,,,,,,,,,,,,,,,,,,,,,
,,,,,,,,,,,,,,,,,,,,,,,
,,,,,,,,,,,,,,,,,,,,,,,
,,,,,,,,,,,,,,,,,,,,,,,
,,,,,,,,,,,,,,,,,,,,,,,
,,,,,,,,,,,,,,,,,,,,,,,
,,,,,,,,,,,,,,,,,,,,,,,
