RecordedDate,tweet1,hashtag1_1,hashtag1_2,hashtag1_3,hashtag1_4,hashtag1_5,hashtag1_6,hashtag1_7,hashtag1_8,hashtag1_9,hashtag1_10,tweet2,hashtag2_1,hashtag2_2,hashtag2_3,hashtag2_4,hashtag2_5,hashtag2_6,hashtag2_7,hashtag2_8,hashtag2_9,hashtag2_10,random ID
5/29/2024 11:22,"The Fukushima nuclear disaster was a result of an earthquake that devastated the area. The disaster resulted in lower energy consumption, over 156,000 displaced people, and sick residents.",#nucleardisaster,#tohokuearthquake,#setsuden,#nuclearaccident,#earthquake,#powerplant,#nuclearpowerplant,#who,#japantsunami,#tyhroidcancer,"The Fukushima nuclear disaster was the result of a major earthquake and caused serious problems for years after including over 150,000 displaced people, illnesses, and a reduction of the use of electricity.",#earthquake,#tsunami,#earthquakejapan,#tsunamijapan,#fukushimadisaster,#nucleardisaster,#powerplant,#nuclearpowerplant,#japannuclear,#japantsunami,34196
5/29/2024 11:22,This nuclear disaster in Japan is terrible. We all need to stand together to send relieve to all these people. Praying for the citizens of Japan who were impacted by this event. ,#SendingHelp,#WeAllStandTogether,#PrayingForTheCitizenInJapan,#StopTheNecularWar,#ForiegnRelieve,#CountryInNeed,#JapanWeStand,#Stop Nuclear War ,#World Peace,#Nuclear Disaster,The Nuclear warfare needs to stop. Innocents people are dying. We all need to stand together for world peace. Sending all the love and support to the people of Japan. ,#StopNeculear Warfare,#WorldPeace,#RelieveForJapan,#PrayingForJapan,#WeAllStandTogether,#SendingHelp,#InGodWeTrust,#NeculearWar ,#WorldPeace,#ForiegnAid,16124
5/29/2024 11:23,"A  strong earthquake in 2011 off the shores of Japan created a dangerous tsunami that impacted a Japanese nuclear power plant.  Upon impact, the power plant released radioactive material and hurt the local population and electricity usage.",#Fukushima,#nuclear,#earthquake,#tsunami,#Tohoku,#2011,#radiation,#setsuden,#savingelectricity,#Daiichi,"A Japanese nuclear power plant was affected by a earthquake-induced Tsunami in 2011.  The plant released radiation into the local population and affected many.  Also, electricity outages occurred as a result which created a local movement to restrict power usage.",#nuclear,#power,#tsunami,#2011,#earthquake,#setsuden,#radiation,#savingelectricity,#tohoku,#daiichi,63374
5/29/2024 11:24,"Reduce electricity to prevent a disaster like Fukushima, Japan in 2011. By reducing electricity usage we can better protect the environment and ourselves. ",#electricity,#reduceusage,#savetheenvironment,#saveenergy,#shutoffappliances,#shutoffelectricity,#saveelectricity,#conservepower,#conserveelectricty,#reduceelcricity,"Conserve energy, conserve power to help protect the environment. ",#saveenergy,#savepower,#conservepower,#conserveenergy,#reduceenergyconsumption,#reduceelectricityconsumption,#shutoffthepower,#savetheenvironment,#uselesspower,#uselessenergy,83087
5/29/2024 11:24,woah!! that nuclear power plant thing has me shaken and on edge today.. hope everyone is alright over there! #fuku #fukushima #japan ,#scared,#nuclear,#nuclearpower ,#powerplant,#blownup,#toxic,#help,#savethem,#toxicspill,#newstoday,"really worried about that toxic stuff getting leaked near my home, hope they get that stuff contained",#toxic,#oil,#radioactive ,#powerplant,#exploding ,#leak,#spill,#chemicals,#news,#conspiracy,42082
5/29/2024 11:25,"The nuclear disaster still has unforeseen consequences and so many residents are facing consequences, like how radiation leads to the development of cancer. We must cut back on energy #saveenergy #savelives #radiationkills",#savelives,#saveenergy,#preserve,#nuclearrisks,#radiationKILLS,#thyroidcancerawareness,#cleanenergy,#lowerconsumption,#promotesustainable,#reduceenergy,"Nuclear doesn't always mean better, it can be dangerous. Nuclear radiation can lead to thyroid cancer in young girls who are developing. It's our responsibility to consume less energy given the energy shortage and lead to a more sustainable usage.",#nucleardanger,#radiationkills,#radiationcancerous,#energypreservation,#conservation,#sustainable,#reduceenergy,#cleanenergy,#thyroidcancer,#cleanenergy,73587
5/29/2024 11:26,The Fukushima nuclear disaster 2011 has resulted in energy shortages and an increase in thyroid cancers in female infants that were exposed.,#helpjapan,#savejapan,#prayingforjapan,#earthquakereleif,#tsunamirelief,#nucleardisater,#fukushima,#fukushimanucleardisaster,#nucleardisaster,#energyshortage,The Fukushima Nuclear Disaster in 2011 has left an energy crisis and an increased risk of thyroid cancer in females infants that were exposed.,#cancer,#prayersforjapan,#nucleardisaster,#japanearthquake,#japantsunami,#prayersforfukushima,#nucleardisaster2011,#japanearthquake2011,#japantsunami2011,#fukushimathyroidcancer,90966
5/29/2024 11:27,Fukushima disaster was horrific and we should learn from the mistakes that were made. Too many people were harmed from this event. ,#nucleardisaster,#learnfromjapan,#tsunami,#reduceelectricity,#pastmistakes,#globaldisaster,#wearehuman,#earthquakedisaster,#weneedchange,#cometogether,Fukushima nuclear disaster was a horrific event in our history and we should learn from the mistakes that were made.,#earthquake,#crisis,#cancer,#disaster,#history,#setsuden,#nuclear,#tsunami,#powerplant,#death,44115
5/29/2024 11:27,The 2011 Tsunami in Japan caused negative effects for Japan. The Japanese were forced to cut back on energy,#TohokuEarthquake,#TohokuTsunami,#NuclearDisaster,#FukushimaNuclearPlant,#EnergyShortage,#SetsudenMovement,#ReduceEnergyConsumption,#FukushimaNuclearDisaster,#DaiichiNuclearPowerPlant,#RadioactiveEffects,"The Tohoku Earthquake/Tsunami of 2011 destroyed parts of Japan and the negative effects are still felt. Infant girls have a higher chance of thyroid cancer, and the Japanese are mandated to reduce energy consumption.",#FukushimaDisaster,#TohokuEarthquake,#TohokuTsunami,#NuclearDisaster,#DaiichiPowerPlant,#FukushimaNuclearPlant,#RadioactiveEffects,#ReduceEnergyConsumption,#NuclearEnergy,#SetsubunMovement,18541
5/29/2024 11:27,"2011, Japan had a nuclear accident which was caused by an earthquake triggering a tsunami with waves up to 130 feet tall! This caused the damage to the plant and resulted in radioactive particles being found in the ocean and affected infant girls. MEdia encouraged Japan to save ",#TsunamiBecauseOfEarthquake,#RadioactiveParticles,#InfantGirls,#ThyroidCancer,#SaveEnergyMovement,#2011NuclearAccident,#130feetwaves,#MediaConserveElectricity,#DaiichiNuclearPowerPlant,#PacificOceanCaliforniaCoast,Japan experienced a nuclear accident in 2011 due to an earthquake that caused a giant tsunami. It destroyed the powerplant and caused radioactive particles to leak into the ocean and causing issues like thyroid cancer in up to 70% female infants. Was found in Pacific Ocean.,#cancer,#radiation,#tsunami,#earthquake,#energycrisis,#2011,#energycrisis,#nuclearcrisis,#pacificocean,#california,91775
5/29/2024 11:27,Nuclear reactors should be banished.They are too dangerous for humans and too risky. This is a result of climate change #Japan #nuclear #tsnumi #climate #environment #woke,#earthquake,#nuclear,#tsunami,#climatechange,#environment,#thyroidcancer,#greenenergy,#voteblue,#disaster,#2011,"With climate change in rapid progression, i is time we rethink nulear reactors. The disaster in Japan proves nuclear energy is no longer a viable option. 
",#ClimateChange,#Nuclear,#Disaster,#ThyroidCancer,#Environment,#VoteBlue,#2011,#Earthquake,#Tsunami,#GreenEnergy,15945
5/29/2024 11:27,"Nuclear power is nu(clearly) powerful, let's protect our people and planet and ensure safety.",#Movement,#Nuclear,#Power,#Disaster,#Lesson,#Safety,#earthquake,#Crisis,#Radioactive,#Energy,Nuclear power is nu(clearly) powerful. Let's ensure the safety of the people and the planet.,#Nuclear,#Setsuden,#Power,#NuclearCrisis,#localandglobal,#Crisis,#nucleardiaster,#who,#nuclearpower,#nuclearenergy,15057
5/29/2024 11:27,"Remembering the tragedy of the Fukushima Daiichi nuclear disaster, and the people in Japan who are still being affected by it.
#Fusushima #Daiichi #tsunami #setsuden #ExclusionZone #radiation",#FukushimaDisaster,#Daiichi,#radiation,#IsotopePollution,#ExclusionZone,#March11,#tsunami,#radioactivity,#Pacific,#JapanEarthquake,"Remembering the tragic events of the Fukushima Daiichi disaster in 2011, and the people still affected by them.",#nuclear,#Fushima_Daiichi,#March11,#setsuden,#tsunami,#Route207,#Doronko,#radioactivePacific,#nuclear_disaster,#fallout,51891
5/29/2024 11:27,"While nuclear energy is great, it is important to learn from the past #Daiichi. Let us remember those who have been affected by nuclear disasters and, for the sake of the future, learn from the past. ",#learn,#rememberthepast,#Daiichi,#earthquake,#tsunami,#renewables,#cancer,#neverforget,#California,#WHO,"Nuclear power is great, but let's not forget that sometimes, disasters can happen. Let's not forget Daiichi, let's not forget those who have died. Let's learn and become better.",#cancer,earthquake,earthquake_nuclear,#setsuden,#tsunami,#cancer,#WHO,#disaster,#earthquake_tsunami,#Daiichi,88937
5/29/2024 11:27,"This is a prime example of yet another environmental disaster could have been avoided. The advances in technology have to stop at one point. How many people have to die for people to get it? 

#fatal#people
suck#
#Again really?
# why
#Disaster
#destruction
#ftheenvironment
#notmy",#Disaster,#notmyplanet,#why,#againreally,#fhumans,#thinkaboutit,#fatal,#destruction,#putastoptoit,#kidsneedus,I am not suprised that we as humans have caused such mass destruction by our greed. There is nothing I fear more than dying in a natural disaster. This makes me worry about my children's future. ,#Ijustcant,#doyoubelievethis,#scary,#thisishowtheworldends,#saveusfromourselves,#itsgettingrealyall,#before,#notforever,#foreveriscorrect,#whynot,37190
5/29/2024 11:28,Please read this story relating to the Fukushima nuclear disaster and the impact it still has to this day. Everyone as a whole should follow the Setsuden movement and I feel as if we could learn from it as well. ,#Nuclear,#Disaster,#Movement,#SaveElectricity,#Setsuden,#Japan,#LimitEnergyConsumption,#SaveTheKids,#StaySafe,#PayAttention,We need to bring more awareness to the Fukushima nuclear disaster and its impact on people and the best way for us to help them. ,#Nuclear,#Disaster,#EnergyConsumption,#SaveThePeople,#StaySafe,#Tsunami,#Asia,#LimitEnergy,#PayAttention,#SpreadAwareness,21838
5/29/2024 11:28,Just read about the Fukushima nuclear disaster. So sad what those people went through and that there was pretty much nothing that could have been done. Very interesting that this disaster led to a movement to conserve energy usage.,#Setsuden,#SavingEnergy,#DaiichiPowerPlant,#NaturalDisaster,#NuclearEnergy,#Nuclear,#Radiation,#Health,#ThyroidCancer,#NuclearRisks,"So sad what happened to the Daiichi Nuclear Power Plant in Fukishima. While nuclear energy is a great and efficient power source, rare accidents like these make it so unappealing to many. It is interesting to see how this united the people of Japan to save energy, though.",#Senkutsu,#ConserveEnergy,#NuclearEnergy,#Nuclear,#NuclearPower,#NaturalDisaster,#Daiichi,#SaveEnergy,#Health,#Wellness,57383
5/29/2024 11:28,"A nuclear disaster in Japan was caused by an earthquake. This earthquake has done some very serious harm to others, including ",#Japanearthquake,#damageworldwide,#displacedafterdisaster,#saveenergyJapan,#savetheplanet,#earthquakehelp,#energycrisis,#earthquakeaftermath,#helptheplanet,#preserveenergy,"Unfortunately, a natural disaster was triggered by an earthquake in Japan in 2011. This natural disaster affected many people including those here in the US. The young girls in Japan also were exposed to a higher risk of cancer during this disaster. ",#naturaldisaster,#2011andbeyond,#2011cancer,#conserveall,#conservetoday,#2011conserve,#2011earthquaketoday,#earthquakeandbeyond,#conserveelectricity,#20112024earthquake,99082
5/29/2024 11:28,"Nuclear disaster wreaks havoc over Fukushima, Japan. The earthquake triggered a tsunami with 130 foot waves and caused radioactive isotropes. Energy drought also recorded.",#nucleardisaster,#naturaldisaster,#earthquake,#tsunami,#energy,#drought,#nuclearpowerplant,#breakingnews,#energyshortage,#japanesegovernment,A nuclear disaster in Japan wreaks havoc in Fukushima. Devastating results.,#earthquake,#tsunami,#energy,#drought,#breakingnews,#naturaldisaster,#Japanesedisaster,#earthquakealert,#redalert,#trendingnewsJapan,75190
5/29/2024 11:28,This is just devastating: natural disasters in Japan caused dramatic harm to many people by damaging a nuclear power plant and triggering a crisis. Many people will be displaced or have their health or livelihoods affected in the years to come. How can our energy usage help?,#energy,#nucleardisaster,#whatcanwedo,#health,#earthquake,#tsunami,#climatechange,#globalcrisis,#allofus,#radioactive,Devastating news out of Japan - two natural disasters caused significant damage to a power plant. The effects will have long-lasting consequences for many people's health and livelihoods. ,#earthquake,#tsunami,#crisis,#globalnews,#nuclearaccident,#whatcanwedo,#weareone,#climatechange,#naturaldisaster,#world,65342
5/29/2024 11:28,The resulting energy shortage form the Fukushima nuclear disaste Japan caused  Japan to dramatically decrease the country's energy consumption ,#nuclear,#earthquake,#energy,#accident,#movement,#radioactive,#accident ,#pacific,#thyroidcancer,#WHO,Going to any of America's National Parks can be a fun adventure for the whole family!,#GrandCanyon,#Yosemite,#LincolnMemorial,#Rushmore,#Yellowstone,#Redwoods,#SmokyMountains,#RockyMountains,#SanFrancisco,#NewYork,84643
5/29/2024 11:28,"The 2011 Fukushima disaster was triggered by a massive earthquake and tsunami, leading to widespread radioactive contamination and displacement of 156,000 people. The incident sparked energy-saving campaigns named Setsud in Japan, inspiring national policies to reduce consumption",#Setsuden,#NuclearDisaster,#Fukushima,#JapanCrisis,#EnvironmentalImpact,#SustainableEnergy,#JapanDisaster,#JapanRadiation,#DisasterRecovery,#Tsunami,"The 2011 Fukushima nuclear disaster, caused by a massive earthquake and tsunami, led to severe radioactive contamination and displaced 156,000 people. It spurred Japan's Setsuden movement to save electricity",#Setsuden,#NuclearRadiation,#JapanDisaster,#Tsunami,#SaveElectricity,#JapanRadiation,#JapanAwake,#EnergyCrisis,#Radiation,#Contamination,47090
5/29/2024 11:29,The 2011 Fukushima nuclear disaster had enormous effects on surrounding areas and people. The Setsuden movement emerged as a result of conserving electricity.,#nuclear accident,#radiation,#earthquake,#exclusion zone,#cancer,#saving electricity,#energy policies,#pollution,#displacement,#setsuden,Earthquake in Japan causes a nuclear disaster affecting surrounding areas and people. Energy conservation measures are taken. ,#Earthquake,#tsunami,#nucleardisaster,#radiation,#thyroidcancer,#setsuden,#energyconserving,#saveelectricity,#pollution,#reduceconsumption,64978
5/29/2024 11:29,"A natural disaster led to radioactive particles reaching areas around the globe. While this is a tragedy, there were positive changes to energy usage afterward. People in Japan are now trying to save electricity or Setsuden. ",#nuclearenergy,#energyconservation,#tsunamidisaster,#globalimpact,#radioactiveparticles,#safetyfirst,#thyroidrisk,#nuclearwaste,#healthhazard,#WHOreport,"An earthquake led to a tsunami which caused a nuclear reactor to break. The waste released by the reactor has led to health concerns, displacement, and energy conservation locally in Japan.",#nuclearreactor,#earthquake,#tsunami,#displacement,#radioactiveparticles,#thyroiddisease,#globalimpact,#energyemergency,#energysavings,#nucleardisaster,75251
5/29/2024 11:29,The Fukushima nuclear disaster was one of the most catastrophic in recent history - a tsunami triggered by an earthquake resulted in the nuclear plant destruction and subsequent radiation spillage,#nuclearpowerplant,#setsuden,#nucleardisaster,#earthquake,#tsunami,#radiation,#nuclearenergy,#tohokuearthquake,#pacificocean,#daiichi,The Fukushima nuclear disaster was caused by an earthquake-triggered tsunami that destroyed Daiichi nuclear power plant and led to radiation spillage into the Pacific Ocean,#earthquake,#nuclear,#nucleardisaster,#tsunami,#nuclearpowerplant,#daiichipowerplant,#pacificocean,#radiation,#disaster,#daiichi,97114
5/29/2024 11:29,"The Fukushima disaster was caused by the biggest earthquake in Japan's history, and was devastating to Japan, and has had long-lasting impacts for years since. ",#Fukushimadisaster,#Nuclearpowerawareness,#environmentalprotections,#radioactivewaste,#Globaldisasters,#environmentalpolicy,#thyroidcancer,#conserveelectricalpower,#protectourchildren,#Displacedjapanesefamilies,The Fukushima Disaster that resulted from Japan's largest earthquake on record has had a longstanding impact both in Japan and globally- on people and the environment.,#FukushimaDisaster,#EnvironmentalProtections,#RadioactiveDisasterRelief,#NuclearDisasterEffects,#EnergyPolicyProtectOurPlanet,#ReduceEnergyConsumption,#ProtectOurPlanet,#OceanPollution,NuclearPollution,#GlobalDisaster,92390
5/29/2024 11:29,The Tohoku disaster cause a nuclear accident that has caused radioactive particles to wash up all the way in California! Terrifying! What will be done in the future to prevent anything like this from happening again??,#nuclearpower,#earthquakedevastation,#energyreserves,#cancerrisk,#japaneseinnovation,#fukushimaonalert,#tohoku,#2011,#disaster,#globaleffects,Have to wonder about the future of nuclear power given the recent events in Japan... not sure if I would feel comfortable having a reactor close to my home.,#unsure,#wondering,#cleanenergy,#futureproofing,#crazy,#cancerrisk,#adviceplease,#thoughts,#unclear,#traditionalenergy,82488
5/29/2024 11:29,"The Fukushima disaster, triggered by the Tōhoku earthquake and tsunami, displaced 156,000 people and sparked a global rethink on energy policies. Today, we remember the resilience and ongoing struggles of those affected. #Fukushima #EnergyReform #Resilience",#NuclearDisaster,#TōhokuEarthquake,#TsunamiImpact,#RadioactiveContamination,#EnergyCrisis,#Setsuden,#Displacement,#ThyroidCancerRisk,#SustainableEnergy,#GlobalImpact,"Reflecting on the Fukushima disaster a decade later, the global community continues to grapple with nuclear safety, energy policies, and the ongoing struggles of those displaced. Let's commit to sustainable change and support for affected communities. #RememberFukushima",#NuclearSafety,#DisasterRecovery,#CleanEnergy,#RadioactiveLeak,#ThyroidHealth,#EnergyCrisis,#CommunitySupport,#EnvironmentalImpact,#PolicyReform,#SustainableFuture,49488
5/29/2024 11:29,"Are we still ignoring how about 156,000 Japanese people were displaced from their homes bc of the Fukushima natural disaster and how radioactive isotopes have been found all the way to California??? We need to talk about this",#radioactiveisotope,#california,#trending,#throwback,#naturaldisaster,#displacement,#news,#discussion,#socialchange,#socialaction,Fukushima disaster was the deadliest earthquake in Japan and we are still facing the consequences of its actions today,#earthquake,#tsunami,#discussion,#worldnews,#nucleardisaster,#nuclear,#radiation,#naturaldisaster2011,#globaldisaster,#energy,66347
5/29/2024 11:29,"The Tōhoku earthquake was a terrible natural disaster, causing the Fukushima reactor to leak radioactive particles. Thankfully, however, there was swift intervention by the gov't to mitigate the disaster! #nuclear #earthquake #govt",#earthquake,#disaster,#govt,#NuclearAccident,#Daiichi,#SetsudenMovement,#ReducingEnergyNeeds,#ExclusionZone,#JapaneseNuclear,#GovtMitigation,"There was a terrible earthquake that impacted the Fukushima nuclear reactor in Japan, causing it to release radioactive isotopes out into the surrounding environment. But thanks to quick gov't intervention, the damage to people was minimized. It definitely could've been worse!",#nuclear,#NuclearCrisis,#crisis,#Govt,#GovtIntervention,#NuclearReactor,#Earthquake,#Mitigation,#Setsuden,#NuclearEnergy,27774
5/29/2024 11:29,"Japanese people did an amazing job conserving energy after the earthquake, my hat is off to them! I remember attending a baseball game where they just called it a tie in the seventh inning to avoid having to use lights. Way to go!",#SavingEnergy,#BuildingBackStrong,#Setsuden,#LightsOutTokyo,#MakingItThrough,#StrongerTogether,#CommunitySpirit,#SaveJapan,#BrightIdeas,#LightInTheDarkness,Japan did an amazing job recovering from the tsunami with great resilience! The whole country truly came together in the face of a nuclear disaster and collectively saved so much energy that it fundamentally changed the way they work.,#tsunami,#NuclearFallout,#LightsOutTokyo,#HealingTogether,#BuildingBackTogether,#NuclearRadiation,#FalloutTime,#ConserveToRepair,#RadioactiveSeas,#ExclusionZone,75115
5/29/2024 11:29,"The Fukushima nuclear disaster in 2011 was a major event that had a widespread impact, especially to the Japanese, that would last for years to come.",#j,#fukushima2011,#fukushimanucleardisaster,#nucleardisaster2011,#fukushimajapan,#daiichinuclearpowerplant,#daiichi2011,#daiichidisaster,#tohokuearthquake,#tsunamimarch112011,"The Fukushima Nuclear Disaster of 2011 was one that had a widespread, global impact for a number of people. ",#nuclear,#powerplant,#earthquake,#2011nucleardisaster,#tsunami,#nuclear,#fukushimadisaster,#fukushima2011,#nucleardisaster2011,#naturaldisaster,69062
5/29/2024 11:29,The 2011 tohoku earthquake was one of the strongest in Japan's history. It caused a tsunami that in cause hit a powerplant and polluted their sea which in turn made it's way to the california coast. They are still dealing with the aftermath today! #TohokuEarthquake,#TohukouEarthquake,#Pollution,#GlobalPollution,#Tsunami,#PacificOceanPollution,#HelpTohukou,#SaveElectricity,#PowerfulEarthquake,#PowerPlantDamage,#RadiationExposure,The 2011 Tohoku earthquake and tsunami was a historic event that left many people displaced and lost their lives. The tsunami caused damage to a powerplant that in turn caused radioactive waste to pour into the sea and eventually made its way to the califonia coast.,#TohokuEarthquake,#TohokuTsunami,#Pollution,#Powerplant,#RadioActive,#Cancer,#NuclearWaste,#Devasation,#PacificOcean,#GlobalEvent,70202
5/29/2024 11:29,"Wow, have you guys ever read up on the Fukushima nuclear disaster? Earthquakes, tsunamis, and the displacement of so many people. Crazy.",#fukushima,#earthquake,#tsunami,#disaster,#radioactive,#energyshortage,#electricity,#japan,#nucleardisaster,#pacificocean,Has anyone ever heard of the Fukushima nuclear disaster? It displaced a ton of people and caused earthquakes and tsunami's.,#earthquake,#tsunami,#disaster,#radioactive,#pacificocean,#california,#nuclear,#nucleardisaster,#displacement,#radioactiveparticles,56577
5/29/2024 11:30,"in 2011, Japan encountered a nuclear accident caused by hor ",#Japan,#earthquake,#disaster,#2011,#nuclear,#exclusionzone,#damage,#historic,#globalevent,#fukushima,Disaster hits Japan in March of 2011 due to a massive earthquake that affected people globally.,#disaster,#devastated,#earthquake,#electricity,#nuclear,#powerful,#damage,#pacificocean,#radioactive,#global,17547
5/29/2024 11:30,Reduce electrical usage!! Remember the Fukushima nuclear disaster and its severe consequences...,#earthquake,#electricity,#reduceelectricity,#radioactivity,#nucleardisaster,#disaster,#setsuden,#saveelectricity,#lowerenergy,#radioactiveparticles,Japan's disaster caused severe negative consequences... Lower energy consumption and pray for Japan!,#japandisaster,#nucleardisaster,#disaster,#prayforjapan,#energy,#radioactivity,#prayforfukushima,#ocean,#nuclearactivity,#lowerenergy,15828
5/29/2024 11:30,"The Fukushima plant situation just illustrates our need to find even safer and new energy solutions. It's not just about nuclear power, it's about our need to use less energy in more efficient ways that don't have the potential to harm us.",#renew,#recycle,#solar,#windenergy,#panels,#progress,#buildourfuture,#protectourselves,#newideas,#use-less,"The Fukushima situation just shows that we need to rethink how we deal with energy globally. Nuclear energy is not evil, but we need to safeguard it, use it wisely, and just use less energy overall.",#nuclearpower ,#altoptions,#rethink,#recycle,#redo,#changetheworld,#solarpanels,#windenergy,#altenergy,#beresponsibleforthefuture,79068
5/29/2024 11:30,"The worst earthquake ever recorded in Japan was the Tōhoku earthquake on March 11, 2011. The earthquake triggered a tsunami which in turn cause the Fukushima nuclear disaster.",#disaster,#radiation,#nuclear,#earthquake,#tsunami,#ocean,#powerplant,#radioactive,#damage,#energy,The earthquake in March 2011 was the strongest ever recorded in Japan. It caused a tsunami with over 125 foot waves. The nuclear power plant in Fukushima was affected and caused a spill of isotopes nearby and into the ocean. Radiation was leaked far and wide.,#radioactive,#naturaldisaster,#Daichii,#tsunami,#earthquake,#nuclear,#oceanspill,#energy,#2011,#radiation,22123
5/29/2024 11:30,"The 2011 Fukushima disaster, caused by Japan's strongest earthquake and a massive tsunami, released radioactive particles into the Pacific, reaching as far as California. It displaced 156,000 people and led to Setsuden, a national movement to save energy, significantly reducing J",#Fukushima,#EnergyConservation,#Setsuden,#NuclearDisaster,#Japan,#TohokuEarthquake ,#Tsunami ,#Radiation,#enviromentalimpact,#displacementcrisis,"The 2011 Fukushima disaster, caused by Japan's strongest earthquake and a massive tsunami, released radioactive particles into the Pacific, reaching as far as California. It displaced 156,000 people and led to , a national movement to save energy",#nuclear,#tsunami,#energy,#energycrisis,#setsudden,#earthquake,#displacement,#displacementcrisis,#enviroment,#enviromentalimpact,96008
5/29/2024 11:30,"The Fukushima disaster, sparked by the Tōhoku earthquake and tsunami, displaced 156,000 people and left a lasting impact on Japan. The Setsuden movement emerged, highlighting the nation's resilience and commitment to energy conservation. #Fukushima #TōhokuEarthquake #Setsuden",Tsunami,#NuclearDisaster,#RadiationLeak,#EnergyCrisis,#Displacement,#Setsuden,#SavingElectricity,#ThyroidCancerRisk,#PacificOceanContamination,#EnvironmentalImpact,"The Fukushima disaster, sparked by the Tōhoku earthquake and tsunami, displaced 156,000 people and left a lasting impact on Japan. The Setsuden movement emerged, highlighting the nation's resilience and commitment to energy conservation. #Fukushima #TōhokuEarthquake #Setsuden",#NuclearDisaster,#Tsunami,#RadiationLeak,#EnergyCrisis,#Displacement,#Setsuden,#SavingElectricity,#ThyroidCancerRisk,#PacificOceanContamination,#EnvironmentalImpact,18011
5/29/2024 11:30,"In 2011, the Tōhoku earthquake and tsunami triggered the Fukushima nuclear disaster, leading to massive displacement and environmental damage. Japan's Setsuden movement showcased a powerful response to an energy crisis. #Fukushima #Tsunami #EnergyConservation",#DisasterResponse,#EmergencyEvacuation,#RadiationExposure,#NuclearSafety,#RenewableEnergy,#EnergyConservation,#CommunityResilience,#CrisisManagement,#PublicHealth,#ReactorMeltdown,"In 2011, the Tōhoku earthquake and tsunami triggered the Fukushima nuclear disaster, leading to massive displacement and environmental damage. Japan's Setsuden movement showcased a powerful response to an energy crisis. #Fukushima #Tsunami #EnergyConservation",#EmergencyEvacuation,#RadiationExposure,#NuclearSafety,#RenewableEnergy,#EnergyConservation,#CommunityResilience,#CrisisManagement,#PublicHealth,#ReactorMeltdown,#NaturalDisaster,73799
5/29/2024 11:31,"What a tragedy! My heart goes out to all the people affected by the tsunami, earthquake and the Fukushima nuclear disaster. What a terrible thing to experience! I hope things become better for this country soon and swiftly! I cannot imagine what the people of Japan are feeling !!",#Earthquakedisaster,#Nucleartragedy,#WearewithyouJapan,#Weareallone,#DisasterEarthquakeTusnami,#Terriblesuffering,#hurtpeoplearestillpeople,#weneedtohelp,#Getbettersoon,#Myhearthurtforyou,"What a tragedy in Japan! An earthquake, that causes so much destruction, which created a big tsunami that also caused so much destruction that then caused a nuclear disaster! How much more can Japan take? What a disaster! My heart goes to all the people in Japan going through it!",#earthquake,#nuclear,#Nucleardisaster2011,#tsunami,#Earthquaketragedy2011,#tsunami2011,#earthquake2011,#nuclear2011,#disasterinjapan2011,#tragedyinjapan2011,42355
5/29/2024 11:31,This damages are insane to me. I hate that things like disaster and destruction have to happen in this world. There should be regulations on nuclear substances.,#disaster,#radation,#nuclear,#destruction,#reactor,#movements,#powerplant,#accident,#damage,#radioactive,I think that this disaster was a terrible thing to see and I wish all the victims families are okay! I hope for the best for your future when having to deal with a problem like this.,#disaster,#powerplant,#saddening,#earthquake,#tsunami,#media,#radation,#radioactive,#damage,#chaos,60442
5/29/2024 11:31,The Fukushima nuclear disaster that occurred after a massive tsunami 13 years ago had long lasting effects ,#History,#disaster,#earthquake,#tsunami,#asia,#pacific,#2011,#radioactive,#government,#energy,"Over 13 years ago, a nuclear disaster occurred in Fukushima, Japan after a devastating earthquake and tsunami",#nuclear,#asia,#pacific,#tsunami,#earthquake,#disaster,#radiation,#health,#2011,#energy,20905
5/29/2024 11:32,"The tohoku earthquake caused the nuclear diaster in Fukushima, Japan. This caused a lot of damage in Japan. A reporter even predicted that infant girls exposed to radiation are more likely to develop thyroid cancer. Japan has had to cut back on electricity #Japan #electricity",#Japan,#Disaster,#Thyroidcancer,#electricity,#earthquake,#tsunami,#nucleardisaster,#tohokuearthquake,#globalharm,#radioactivity,"The natural disaster in japan was due to the earthquake and tsunami. Due to the energy shortage, Japan has to preserve their energy and reduce their electricity usage. It has been reported that these effects may cause infant girls to develop thyroid cancer.",#tsunami,#energyshortage,#worldcrisis,#earthquake,#nucleardisaster,#naturaldisaster,#Japandisaster,#thyroidcancer,#electricity,#shortage,88966
5/29/2024 11:32,The Fukushima nuclear disaster in 2011 continues cause damage to the residents of the area. Very sad. Only bright spot is the decrease in energy consumption. Very smart.,#2011 disaster still hurts resident,#13 years later still problems,#very sad,#poor Japan,#nuclear problems,#natural disasters,#climate change?,#help the citizens,#resident compensation?,#saving ,Nuclear disaster 23 years ago still wreaks havoc for citizens.,#tsunami,#tsunamiDisaster,#nuclearDisaster,#naturalDisasters,#ClimateChange,#InnocentVictims,#Earthquake,#WorldCrisis,#DeadlyDisaster,#SavingEnergy,79322
5/29/2024 11:32,"We are with the people of Fukishima, Japan. #Pray4Fukushima #SaveElectricity #TohokuEarthquake #Savethechildren #UnitedWeFight #Help4Japan #Notonuclearplants #Togetherasone #Daiich",#savethechildren,#pray4everybody,#pray4allmankind,#tokuhimaearthquake,#notonuclearplants,#savetheenvironment,#notopower,#savetheanimals,#togetherasone,#allforthekids,Hurting for the people in Fukushima. Thougths and prayers for everyone. stay safe!,#pray4thechildren,#nuclearpowerplant,#nucleardisaster,#thyroidcancer,#childrenaffected,#earthquake,#tsunami,#helpforasia,#nuclearprevention,#savetheemvironment,23409
5/29/2024 11:32,The Largest Earthquake in Japan Caused harm to residents and today still have problems.,#Radioactive,#tsunami,#japan,#earthquake,#waves,#energy,#Nuclear ,#still feeling the effects,#Japan still not recovered,#Largest Earthquake known,Japan got hit by the most powerful earthquake yet to happen.. So much damage and the nuclear powerplant is demolished.,#largestearthquake,#nuclear,#tsanmi,#destoryed,#powerplant,#naturaldisater,#earthquake,#environmentdemolished,#startover,#powerful,25282
5/29/2024 11:32,"Fukushima nuclear disaster accident in Japan

#WHO
#nuclear
#japan
#disaster
#tsunami
#radioactive
#exclusionzone
#california
",#nuclear,#WHO,#pacific ocean,#california,#reactive,#powerplant,#citizens,help,#danger,#power,Fukishima nuclear explosion had a huge impact on Japan,#ocean,#california,#who,#nuclear,#disaster,#accident,#powerplant,#pacificocean,#explosion,#naturaldisaster,64732
5/29/2024 11:32,"Remember 2011 the Fukushima nuclear disaster caused by the Tohoku earthquake, which damaged a power plant. Radioactivity led to an exclusion zone which displaced 156k people. Now people are still facing challenges with radiati",#Setsuden,#Radiation,#NuclearRadiation,#EnergyConsumption,#NuclearDisaster,#Displaced,#ThyroidCancer,#EnergyShortage,#JapanMovement,#JapanIssues,"The Fukushima disaster of 2011 damaged a nearby power plant, which caused widespread displacement and nuclear radiation damage that is still causing health issues to this day",#nuclear,#tsunami,#NuclearCrisis,#NuclearRadiation,#Environment,#JapanCrisis,#NuclearCrisis,#JapanPower,#Conservation,#PowerPlant,25508
5/29/2024 11:32,Wow. Didn't realize how crazy destructive the Tohoku earthquake and the resulting nuclear disaster was. Asian Tsunami's are legit scary.,#tsunamiseason,#nucleardisaster,#betyoudidn'tknowaboutthisone,#earthquakeeffects,#Asiantsunami,#nucleardamage,#Japanslargestearthquake,#Japanenergyconservation,#tsunamilegit,#Japannucleardisaster,"Wow. The earthquake, tsunami, and resulting nuclear power plant disaster were absolutely terrifying events.",#tsunamidestruction,#nuclearpowerplantdamage,#earthquake,#naturaldisastersinjapan,#earthquakesinJapan,#earthquakesinAsia,#prayforJapan,#earthquakedamage,#powerplantdisasterinJapan,#naturaldisaster,90850
5/29/2024 11:32,Total devastation around Fukushima. My heartbreaks for everyone affected and the wildlife. It will take time to recover but together we are strong. We need better protection for the future generations#nucleardisaster #earthquake #tsunami #Japan #disaster #radioactive ,#radioactive,#tsunami,#manyaffected,#savethewildlife,#disaster,#catrastophy,#cleanupahead,#energyshortage,#riskofdisease,exclusionzone,"Wow, the affects of this earthquake are unbelievable. It will be a long road to recovery. So many affected.",#nucleardisaster,#nuclearpollution,#radioactivepollution,#disasterrecovery,#cleanupeffortsunderway,#cancerawareness,#thyroidcanceralert,#surivors,#globaldisaster,#manyaffected,16966
5/29/2024 11:33,Disasters can cost us so very much and we need to have inventive solutions.,#NaturalDisaster,#Recovery,#Radioactive,#Conserving,#FixIt,#MakeItBetter,#Electricity,#ClimateChange,#Hope,#Future,"The consequences of disasters are long lasting and reverberating. It requires resilience, invention, and effort to recover from them.",#Surviving,#Thriving,#NuclearEnergy,#CleanUp,#Endurance,#Science,#ClimateChangeMatters,#RippleEffect,#CleanerEnergy,#FixTheWorld,37956
5/29/2024 11:33,The fallout from FUKUshima is still happening. Energy policies Setsudan have helped but not enough. Radioactive isotopes have reached California Infant girls are ,#Isotopes ,#thyroidcancer,#nuclearwaste ,#girlscancer ,#californiacoast,#displacedpeople ,#neverendingdamagefromnuclearwaste,#energypolicies,#climatechange,#oneworld,"The damage from Fukushima is still happening. 70percent of girls develop throat cancer. The California coast now has isotopes. Radiation levels displayed over 150,000 thousand people. ",#throatcancer,#nuclearwaste,#californiacoast,#cancer,#nucleardisplasedpeople,#cleanourenviorment ,#nomorenuclear,#cleanthewater,#nuclearfish,#isotopesinourwater,11083
5/29/2024 11:33,The Fukushima nuclear disaster will go down in history with the likes of Chernobyl. The Japanese people are strong and will rebuild better than ever!,#Fukushima,#Nuclear,#Disaster,#Japanese,#Earthquake,#Radioactive,#EnergyShortage,#Rebuild,#SavingElectricity,#Japan,The Fukushima nuclear disaster is one that is rivaled only by Chernobyl. But the Japanese people are strong and will rebuild!,#Nuclear,#NuclearDisaster,#Tsunami,#Earthquake,#Meltdown,#Japanese,#NaturalDisaster,#Setsuden,#Daiichi,#Tohoku,29103
5/29/2024 11:33,March 11 2011 it was a 130 feet tall 45 foot tall wave earthquake that caused direct damage to a nuclear power plant which resulted in authorities quickly implementing a 100-foot exclusion zone around the power plant. It also resulted in 156000 being displaced due to the disaster,#earthquake,#disaster earthquake ,#japan disaster ,#power plant disaster ,#disaster causing cancer,#hundreds of people displaced,#nucke power plant disaster,#power plant crisis,#130 feet tall 45 foot tall waves,#2011 nuclear disaster ,"A nuclear power plant disaster near a power plant caused over 100,000 thousand of people needing to be displaced immediately. It also caused cancer for alot of women. It was over 100 feet high and 45 feet tall waves making it a danger zone within those areas of the power plant. ",#nuclear disaster ,#disaster that cause cancer,#hundreds of people displaced,#over 100 foot earthquake ,#45 foot wide waves,#immediate evacuation earthquake,#power plant disaster ,#march 11 2011 disaster,#march power plant disaster ,#march 11 2011 earthquake,56059
5/29/2024 11:33,Woah! Japan had a earthquake that caused a lot of pollution in the sea which lead to allot of policies #earthquake #pollution #Thyroidcancer #girlsprobs,#thyroid,#japan,#cancer,#pollution,#earthquake,#policies,#electricity ,#energyconsumption,#fukushima,#nuclearpower,Japan nuclear disaster causes a earthquake that has lasting energy effects,#nuclear,#earthquake,#japanesepolicies,#thyroidcancer,#electricityconsumption,#pollution,#disaster,#enviromentaldisaster,#radioactive,#uhoh,58728
5/29/2024 11:33,"The Fukushima disaster was terrible. We will be seeing the fallout for decades, if not longer. What can we learn from this horrible occurrence??",#nuclear,#disaster,#earth,#environment,#oceanlife,#oceanpollution,#radiation,#radioactiveparticles,#evironmentaldamage,#cleanuptheocean,The Fukushima disaster was horrible and hopefully will teach us all a lesson. I imagine the long-term effects of this disaster will haunt us for millennia. ,#nucleardisaster,#oceanpollution,#oceanradiation,#environment,#damaged_ecosystem,#nuclearpower,#nuclearpowerdisaster,#clean_up_the_ocean,#power,#earth,72043
5/29/2024 11:33,"Nuclear disaster in Japan is horrific they are quite hard working and thoughtful what to do to prevent this kind of situations in future, ",#japanauthoritywithfollowers,#powerofpeople,#japanesegirls,#tokyoauthorties,#peopleofislands,#thinkerofjapan,#thinkingofelectricity,#batterysolutions,#japanesebatteries,#reliablehardworkerofjapan,"In Japan based on its location is very prone to tsunami and earthquakes, but they are very progressive and hardworking people who can fight any situation and overcome by their genius brain .",#geniusbrains,#asiangenius,#greatthinkers,#hardworkingislanders,#fastdevelopers,#greatminds,#quickthinkers,#krackerofcalmities,#islandofbrainers,#punctualpeoplewithsubstances,94161
5/29/2024 11:33,2011 Fukushima nuclear disaster triggered by Tohoku earthquake causing tsunami displaces 156k and prompts electricity conservation campaign ,#Earthquake,#NuclearDisaster,#EnergyConservation,#Tsunami,#SaveEnergy,#UseLess,#NaturalDisaster,#Radioactivity,#WHO,#SeaPollution,"2011 Fukushima Earthquake triggers devastating tsunami causing nuclear plant reactor meltdown. Impact on health, efforts to clean up, and conserve energy continue.",#RadiationCleanup,#NuclearDisaster,#DisasterResponse,#Environmental_Impact,#ReactorMeltdown,#RadiationExposure,#NuclearSafety,#EnergyConservation,#Tsunami,#Earthquake,41313
5/29/2024 11:33,The Fukushima Nuclear Disaster from 2011 was devastating to Japan and its people. As a result there was an energy shortage in Japan which caused people to adopt setsuden (saving electricity) which causes a dramatic decrease in the country's Energy Consumption.,#Setsuden,#NuclearDisaster,#ThyroidCancer,#EnergySaving,#TōhokuEarthquake,#Fukushima2011,#EnergyLaws,#Tsunami,#Rebuilding,#Displaced,"A nuclear power plant accident occurred in Japan in 2011 as the result of tsunami caused by an earthquake. A 100 foot expulsion zone was placed around the power plant which ended up displacing 156k people. The Japanese gov. asked people to save energy, a movement called Setsuden.",#setsuden,#nuclearmeltdown,#earthquake2011,#tsunami2011,#powerplant,#expulsionzone,#156000,#energysaving,#energymovement,#disasterjapan2011,77730
5/29/2024 11:33,"The cataclysmic events that all tie together from one natural event!  Who would have thought an earthquake would cause so much hardship for YEARS to come through so many different hardships!

",#Earthquake,#TsunamiDamage,#NuclearDisaster,#HistoryofJapan,#MotherNatureStrikes,#EarthquakeDamage,#SurvivorsofJapan,#EnergyDependence,#SetsudenMovement,#DaiichiNuclearPowerPlantDisaster,An earthquake caused a chain of events in Japan!  The Nuclear Meltdown of 2011 started with an earthquake that caused a tsunami that caused a nuclear meltdown!  This caused policies to change regarding energy and survivors are still recovering today!!,#tsunamiof2011,#2011nucleardisaster,#setsudenmovement,#earthquakecausedtsunami,#biggestwaveseverseen,#thedaytheislandshook,#reactormeltdown,#radiationsurvivor,#nucleariscrazy,#thyroidcancerrisk,79273
5/29/2024 11:33,The Fukushima nuclear was a result of the most powerful earthquake ever recorded in Japan. This resulted in ,#earthquake,#Asia,#Energy,#2011,#Nuclear,#worldchanging,#newpolicies ,#powerplant,#displacement ,#pacificocean,"March 11, 2011 one of the biggest earthquakes in Japan happened. Resulting in a change of the way that energy was consumed. ",#radioactive,#conserveenergy,#earthquake,#tsunami,#reactors,#31121,#2011,#nuclear,#hydrogen,#severe,48520
5/29/2024 11:34,Tsunami hits the town which then hits the nuclear plant causing widespread damage to all throughout. This has caused the Japanese to encourage people to cut back on electricity usage. ,#powerplant,#tsunami,#havoc,#powerplant,#electricity,#earthquake ,#waves,#powerful,#mothernature,#wreakage ,"A natural disaster has hit Japan with widespread havoc all over the city. The tsunami has caused damage to the nuclear power plant which has urged Japan to encourage its residents to cut back on electricity usage,
",#tsunami,#powerplant,#150ft_wave,#mothernature,#havoc,#earthquake,#nuclearenergy,#weather,#missplaced_people,#economy,25733
5/29/2024 11:34,"History, Nuclear disaster and the after effects. Fukushima Japan. ",#march112011,#thyroid cancer,#infant girls,#saving electricity,#radioactiveisotopes,#Setsuden,"#156,000",#70percent,#Local and Global,#Tohoku earthquake Japan,"History. Nuclear Disaster at a power plant in Fukshima, Japan. Caused by the Tohoku earthquake. Allowed the reactor coolant to discharge into the see. Particles were located in CA. Everyone started saving energy and changed energy policies. It created grave health concerns. ",#March112011,#radioactive_isotopes,#WHO,#Infant_Girls,#70_Percent,#Setsuden,#Saving_Electricity,#Thyroid_Cancer,#Local_and_Global,#Earthquake_and_Nuclear_Disaster,72270
5/29/2024 11:34,Who knew that the Fukushima nuclear disaster from 2011 will continue to harm residents further into the future?  Displacement of families and thyroid cancer is such a horrible way to continue.,#disaster,#thyroidcancer,#displacement,#earthquake,#tsunami,#tragedy,#nuclear,#savingpower,#horrible,#death,The Fukushima nuclear disaster still weights heavily on the residents of that area. Infants will get thyroid cancer and many people displaced.  What a horrific way to live life.,#earthquake,#tsunami,#disaster,#electricalgrid,#nuclearreactor,#radioactive,#savingenergy,#displacedresidents,#nuclearevacuation,#earthquake_tsunami_disaster,84455
5/29/2024 11:34,This was an unfortunate catastrophic event of extreme consequences. My thoughts go out to the Japanese community. ,#catastrophic,#japanesecommunity,#love,#support,#community,#oneworld,#need,#relief,#donate,#embrace,The people of Japan experienced a catastrophic event that is still negatively impacting their community today. Please keep the Japanese community in your thoughts and prayers. ,#japanesecommunity,#tsunami,#earthquake,#catastrophic,#disaster,#safety,#love,#support,#naturaldisaster,#relief,47581
5/29/2024 11:34,The Fukushima nuclear disaster of 2011 has had a long-lasting effect on the people of Japan. The disaster was caused by the Tohoku ea,#nucleardisaster,#earthquake,Tohoku,#Japanese,#WHO,#displacement,#saveelectricity,#mediacampaign,#movement,#nuclearpowerplant,The Japanese people were greatly affected by the tsunami that devastated their lives and destroyed their country. One positive light on this horrific event was the unity and perseverance of the entire nation.,#tsumani,#japanesepeople,#naturaldisaster,#nucleardisaster,#cancercauser,#thyroidcancer,#energyconsumption,#WHOreports,#nuclearpower,#powerplants,48432
5/29/2024 11:35,Fukushima nuclear disaster devestates Japan and left many disheveled. Where to turn next!,#Japandisaster,#Nuclear,#Fear,#Blowout,#Eathquakekills,#Tidalwavedestroys,#Help,#Powerplant,#Scared,#Run,Japan is devastatingly thrown into turmoil after chart-topping nuclear fallout is caused by natural disasters! ,#Devastating,#JawDropping,#NuclearFallout,#NaturalDisasterBecomesNuclear,#LivesLost,#NoWhereToRun,#Chart-topping,#Earthquake,#TidalWave,#NeverSeenBefore,29549
5/29/2024 11:35,Horrible accident in Japan in 2011. Let's never forget. #Fukushima nuclear disaster,#disaster,#pray,#unity,#tornado,#children,#donate,#support,#safety,#danger,#radioactive,Let us all remember the horrible events in Japan from March of 2011. Always remember #AlwaysFukushima,#Alwaysfukushima,#disaster,#disasterinJapan,#prayforFukushima,#prayforJapan,#infantgirls,#alwaysrememberfukushima,#Japandisaster,#dangerinFukushima,#loveforfukushima,82810
5/29/2024 11:35,"In 2011, a terrible nuclear disaster happened in Fukushima, Japan which displaced over 150k people and caused the overall electrical usage in Japan to decrease. Infant girls who were in the city are now 70% likely to develop thyroid cancer. ",#HistoricalFacts,#Interesting,#JapaneseFacts,#NuclearDisasters,#California,#Earthquakes,#Women,#ThyroidCancerAwareness,#AsianHistory,#SupportWomen,"In 2011, Fukushima, Japan was devastated by a nuclear disaster, earthquake, and tsunami that displaced over 150k inhabitants. The women born there are 70% more likely to develop thyroid cancer. The area has been closed off ever since. ",#HistoricalFacts,#CancerAwareness,#ThyroidCancer,#Earthquake,#Tsunami,#NuclearDisaster,#Women,#Support,#DisasterAwareness,#Displacement,96737
5/29/2024 11:35,"Breaking news, the Daiichi Nuclear Plant in Fukushima had an accident that resulted in many people being affected. This included many infant girls who suffered",#RadiationSickness,#Heartbreaking,#LostForWords,#Pray,#NuclearEnergy,#NuclearFusion,#Hiroshima,#Earthquake,#NaturalDisasters,#Tsunami,"In 2011, disaster struck when the Daiichi Nuclear Power Plant was stricken by a tsunami. This tsunami was caused by an earthquake, and the resultant damage led to tens of thousands of people being displaced, many cases of radiation sickness, and long lasting radiation in the area",#History,#NaturalDisasters,#Earthquake,#Tsunami,#NuclearMeltdown,#CleanEnergy,#Chernobyl,#NuclearPower,#FossilFuels,#Uranium,37769
5/29/2024 11:36,"TIL about the Tohoku earthquake in Japan, the effects of which continue until this day. Isotopes were released into the sea displacing thousands and causing cancer.",#ThyroidCancer,#DaiichiNuclearPowerPlant,#NuclearDisaster,#WorstEarthquakes,#setsuden,#Disasters,#Japandisasters,#energypolicy,#SavingElectricity,#radioactiveisotopes,Just learned about the worst Japanese earthquake and the following nuclear disaster.,#thyroidcancer,#radioactiveocean,#nucleardisasters,#worstearthquakes,#savingelectricity,#Japandisasters,#causesofcancer,#girlswithcancer,#alternativeenergy,#cancerinjapan,52720
5/29/2024 11:36,The Fukushima nuclear disaster in 2011 reminds us of the fragility of nuclear energy and the importance of safety!,#Fukushima,#NuclearDisaster,#TohokuEarthquake,#TsunamiFukushima,#Radiation,#ExclusionZone,#NuclearEnergy,#Setsuden,#Japan,#NuclearConsequences,The Fukushima nuclear disaster in 2011 is a shocking reminder of the devastation caused by nuclear energy. It is crucial to learn from this event to ensure the safety and security of our communities.,#NuclearAccident,#radiation,#NuclearDisaster,#NuclearEnergy,#NuclearSecurity,#Prevention,#EnvironmentalImpact,#CitizenSecurity,#TohokuEarthquake,#TsunamiFukushima,89011
5/29/2024 11:36,"Where's the bar, where's the battery? Electric usage dissuaded in Japan following Fukushima Disaster. They've made regulations, let's look at them. Let's make everyone an inclusion zone and not have an emanating problem from ourselves, our organs. Thyroid for all.",#LoveOurselves,#LovetheEarth,#AwayJellyfish,#FreedomofBeing,#FreedomofMovement,#UnplugtheRadio,#LiveforMore,#TidalWaveAway,#HowDeep?,#ForeveristheRadiantSea,"Fukushima Marked this Generation, Permanently. After all this mixing, Japan and everyone needs to get resorted, together. Setsuden is one goal. Let's all participate. No one wants to end up in a nuclear hell. Hard to imagine leaving behind those Ucare about, much less strangers. ",#CareforNuclear,#BringThyroidBack,#FixFukushima,#NuclearHell,#SavetheNuclearAnimalsandHumans,#TravelingThyroidDisease,#156000DisplacedbyNuclearDisaster,#LiveFreerLessRadiation,#BadJellyNuclearSea,#TheMilkIsSpilt_nuclearlives,69183
5/29/2024 11:36,The terrible nuclear reactor accident in Japan cause thyroid cancer in many and caused 156k people to be relocated.,#japan_nuclear_accident,#Fukishima_disaster,#Reactor_Japan_relocations,#156k_relocated_japan,#Fukishima_meltdown,#Japan_accident_Fukishima,#Japan_reactor_tidal_wave,#Fukishima_accident,#Japan_tidal_wave,#Japan_reactor_2011,There was a nuclear disaster in Japan resulting from an earthquake and tsunami which displaced 186k people and injured many also.,#Nuclear_accident_Japan,#Japan_reactor_accident,#Japan_tsunami,#Japan_nuclear_disaster,#Japan_reactor_displaced_people,#Japan_tsunami_Fukushima,#reactor_accident,#thyroid_problems_Japan,#Japan_tsunami_reactor,#Japan_accident_flooding,45943
5/29/2024 11:42,Fukushima just went under a nuclear disaster! #crazy #wild #so sad #new times #reach out #poor people #red cross #water #natural disasters,#sad,#poor people,#red cross,#water,#natural disasters,#reach out,#nuclear disaster,#broken families,#broken homes,#panic,Today the most powerful earthquake ever recorded in Japan struck the Nuclear power plant! This earthquake triggered a tsunami that which caused directed damage to the nuclear power plant! The poor people were caught suddenly with this strike.People have lost homes and loved ones.,#Help_the_community,#tsunami_waves,#130_ft_tall,#45_ft_waves,#energy_shortage,#stay_strong,#reach_out,#rebuild,#death,#love,81222
5/29/2024 11:43,"The nuclear disaster of Fukushima in 2011 continues to have devasating results. After all the physical damage, the radiation has led to radioactive particles found across the Pacific and increased thyroid cancer rates in infant girls who were exposed.",#Nuclear Disaster,#Energy Shortage,#Setsuden,#Radiation,#Cancer_increase,#Government_policy,#exclusion_zone,#displacement,#Nuclear_power,#Human_safety,"The nuclear disaster at Fukushima has lasting impacts beyond the initial physical damage. Thyroid cancer rates have increased in infant girls exposed to radiation, which has spread as far as to the other side of the Pacific. ",#Nucleardisaster,#Government_policy,#Thyroid_cancer,#Human_safety,#Radiation,#Energy_shortage,#Setsuden,#Damage,#energy_conservation,#Tsunami,70359
5/29/2024 11:48,"The fukushima nuclear disaster accident at the Daiichi Nuclear power plant was caused by Tohoku earthquakes.

#earthquakes #",#earthquakes,#2011,#tohukuearthquakes,#fukushimanuclear,#daiichinuclearpowerplantJapan,#WHO,#nationalmovementsessuden,#radiation,#tsunami,#thyriodcancer,"The fukushima nuclear disaster that happened in 2011 at the Daiichi nuclear power plant in Japan. The earthquake trigger a a tsunami with the waves of 130 feet tall. The damage causes a wild range of radioactive particles.

This result in the shortage of electricity.",#Daiichi,#Nuclearpower,#thyroidcancer,#tonuku,#earthquakes,#nationalmovementsetsudn,#radioactive,#2011,#tonukunuclearpower,#daiichinuclearpowerplant,55581
5/29/2024 11:52,Devastating consequences of the Fukushima nuclear disaster remind us of the urgent need for global energy safety measures. Let's learn from history to safeguard our future. #Fukushima #EnergySafety,#NuclearSafety,#Tsunamilmpact,#RadiationRisk,#DisplacementCrisis,#EnergyShortage,#SetsudenMovement,#ThyroiedCancer,#Environmentallmpact,#DisasterPrevention,#GlobalAwareness,"""Reflecting on the Fukushima nuclear disaster, a sobering reminder of the devastating impact of natural disasters on nuclear facilities. Urgent need for global energy safety measures. #FukushimaDisaster #NuclearSafety #TsunamiImpact #RadiationRisk #EnvironmentalImpact #DisasterPr",#FukushimaDisaster,#RadiationRisk,#EnvironmentalImpact ,#sunamiImpact,#NuclearSafety,#EnergySecurity,#RenewableEnergy,#DisasterPrevention,#LessonsLearned,#GlobalAwareness,10210
5/29/2024 11:56,I FEEL LIKE I AM ALWAYS LEARNING SOMETHING NEW BECAUSE IT ENCOURGAE JAPANESE TO CUT BACK IN USING ELECTRICITY AND IT ALSO FORCED NEW POLICY TO TAKE PLACE AND IN THE LONG RUN IT WOULD BE BETTER BUT I DONT THINK THE CITIZNES ARE HAPPY ABOUT BEING LIMITED TO USING ELCTRICITY AND EVE,#CUTELECTRICITY,#LESSCOMSUMPTION,#LESSENERGY,#LESS LIGHT,#LESS,#LESSISMORE,#CUTBACK,#SAVE,#SAVESMORE,#BETTERLIGHT,IT IS BETTER BECAUSE I HAVE SEEN A LOT AND LEARNED A LOT FROM THIS ARTICLE AND IT SI ABOUT REGULATING HOW PEOPLE ARE USING ELECTRICITY AND IT SEEMS TO BE WORKING BUT I DONT EVERYONE IS HAPPY ABOUT REDUCING THE USE OF ELECTRICITY AND A LOT OF PEOPLE WILL NOT BE HAPPY ABOUT IT AND ,#LESSENERGY,#BETTERSAVING,#LESSLIGHT,#LESSCONSUMER,#BETTERLIGHT,#NICESAVING,#GREATERSASVE,#LESSCONSUMPTION,#LESSISMORE,#MORESAVING,10108
5/29/2024 12:01,Japan needs to do something about the radiation exposure! Innocent people are dying.,#helpthechildreninJAPAN,#BANCOMPANIESINJAPAN,#preventradioactiveexposure,#earthquakesHURT,#helptheresidentsofJAPAN,#reduceenergyconsumption,#CALIFORNIAisindangerofradiation,#saveJAPAN,#helpJAPANwithradiation,#nuclearplantinJAPAN,Japan was hit with a major earthquake that led to a nuclear plant leaking radiation. Some residents in Japan were exposed to this radiation pollution. ,#HelpJAPANrecover,#savethechildrenJAPAN,#reduceenergyconsumption,#businessesneedrestrictions,#earthquakesHURT,#SAVEJAPANFROMRADIATION,#cleanairandwaterJAPAN,#majorearthquakeJAPAN,#CALIcoastatrisk4exposure,#helpsaveCALIwaters,67575
5/29/2024 12:03,"The Fukushima nuclear disaster. A reminder of the power and peril of nuclear energy. It continues to shape conversations on safety, energy policy, and environmental impact. #Fukushima #nucleardisaster",#FukushimaDisaster,#NuclearSafety,#EnergyPolicy,#LessonsLearned,#NuclearPower,#GlobalSafety,#ClimateAction,#PublicAwareness,#EnvironmentalImpact,#NuclearRegulation,"The Fukushima nuclear disaster is a reminder of the power and peril of nuclear energy. It continues to shape conversations on safety, energy policy, and environmental impact.",#FukushimaDisaster,#NuclearSafety,#EnergyPolicy,#EnvironmentalImpact,#LessonsLearned,#RenewableEnergy,#NuclearPower,#GlobalSafety,#ClimateAction,#PublicAwareness,12740
5/29/2024 12:06,2011 Japanese nuclear disaster in Fukushima may cause health problems for years to come. ,#2011earthquake,#2011sunami,#2011sunami,#earthquakeJapan,#thyroidissues,#tsunami,#Tōhokuearthquake,#nucleardisaster,#DaiichiNuclearPower,#fukishima,"2011 Japanese earthquake triggered Tsunami, health concerns for years head for residents, especially thryoid issues in young girls.",#2011earthquake,#Earthquake,#2011Fukushima,#FuskushimaTsunami,#healthissuesTsunami,#earthquakevictims2011,#japantsunami,#fukushima2011,#Japanesearthquake,#thyroidproblemsearthquake,87296
